ticker,company_name,event_shock_suspected_score,event_shock_detail_score,event_shock_score,event_shock_label,event_shock_reason,event_shock_source_url,event_thesis_break_risk_score,event_shock_confidence,event_business_profile,event_identity_terms
ADIL,Adial Pharmaceuticals Inc Common Stock,80,44,95.4,"Old thesis broken, investigate","financing/prospectus burst; high survival-risk metadata; recent 8-K cluster; narrative/activity spike | 8-K text matched: delisting_or_listing_failure, major_financing_or_warrants",https://www.sec.gov/Archives/edgar/data/1513525/000121390026092690/ea0302970-8k_adial.htm,70,8k_text,,
AIFF,Firefly Neuroscience Inc. Common Stock,30,42,44.7,"Old thesis broken, investigate",financing/prospectus burst | 8-K text matched: partnership_or_customer_loss,https://www.sec.gov/Archives/edgar/data/803578/000121390026099733/ea0305233-8k_firefly.htm,80,8k_text,,
AIM,AIM ImmunoTech Inc. Common Stock,66,42,80.7,"Old thesis broken, investigate",financing/prospectus burst; recent 8-K cluster; narrative/activity spike | 8-K text matched: partnership_or_customer_loss,https://www.sec.gov/Archives/edgar/data/946644/000149315226041537/form8-k.htm,80,8k_text,,
AISP,Airship AI Holdings Inc. Class A Common Stock,30,32,41.2,major_financing_or_warrants,financing/prospectus burst | 8-K text matched: major_financing_or_warrants,https://www.sec.gov/Archives/edgar/data/1842566/000165495426007329/airsp_8k.htm,45,8k_text,"SEC filing text describes construction, design-build, engineering, or controlled-environment agriculture services.",construction_services
ALLR,Allarity Therapeutics Inc. Common Stock,54,32,65.2,major_financing_or_warrants,financing/prospectus burst; recent 8-K cluster | 8-K text matched: major_financing_or_warrants,https://www.sec.gov/Archives/edgar/data/1860657/000121390026090183/ea0302157-8k_allarity.htm,45,8k_text,,
ALZN,Alzamend Neuro Inc. Common Stock,30,44,45.4,"Old thesis broken, investigate","financing/prospectus burst | 8-K text matched: delisting_or_listing_failure, major_financing_or_warrants",https://www.sec.gov/Archives/edgar/data/1677077/000121465926009469/az7312618k.htm,70,8k_text,,
APUS,Apimeds Pharmaceuticals US Inc. Common Stock,24,24,32.4,reverse_split,recent 8-K cluster | 8-K text matched: reverse_split,https://www.sec.gov/Archives/edgar/data/1894525/000121390026102321/ea0306326-8k_apimeds.htm,35,8k_text,,
APVO,Aptevo Therapeutics Inc. Common Stock,80,32,91.2,major_financing_or_warrants,financing/prospectus burst; high survival-risk metadata; recent 8-K cluster; narrative/activity spike | 8-K text matched: major_financing_or_warrants,https://www.sec.gov/Archives/edgar/data/1671584/000119312526399545/apvo-20260922.htm,45,8k_text,,
ARTL,Artelo Biosciences Inc. Common Stock,30,48,48.0,"Old thesis broken, investigate","financing/prospectus burst | 8-K text matched: major_financing_or_warrants, partnership_or_customer_loss",https://www.sec.gov/Archives/edgar/data/1621221/000164033426000973/artl_8k.htm,80,8k_text,,
ASBP,Aspire-Lakewood Holdings Inc. Common Stock,42,32,53.2,major_financing_or_warrants,financing/prospectus activity; recent 8-K cluster | 8-K text matched: major_financing_or_warrants,https://www.sec.gov/Archives/edgar/data/1847345/000149315226041918/form8-k.htm,45,8k_text,"SEC filing text describes construction, design-build, engineering, or controlled-environment agriculture services.",construction_services
BIAF,bioAffinity Technologies Inc. Common Stock,80,44,95.4,"Old thesis broken, investigate","financing/prospectus burst; high survival-risk metadata; recent 8-K cluster; narrative/activity spike | 8-K text matched: delisting_or_listing_failure, reverse_split",https://www.sec.gov/Archives/edgar/data/1712762/000149315226041894/form8-k.htm,70,8k_text,,
CAPS,Capstone Holding Corp. Common Stock,18,46,46.0,going_concern_or_liquidity,"financing/prospectus activity | 8-K text matched: going_concern_or_liquidity, reverse_split, major_financing_or_warrants",https://www.sec.gov/Archives/edgar/data/887151/000143774926029046/caps20260826c_8k.htm,65,8k_text,,
CDT,CDT Equity Inc. Common Stock,80,44,95.4,major_financing_or_warrants,"financing/prospectus burst; high survival-risk metadata; recent 8-K cluster; narrative/activity spike | 8-K text matched: reverse_split, major_financing_or_warrants, business_pivot_or_rebrand",https://www.sec.gov/Archives/edgar/data/1896212/000149315226044248/form8-k.htm,45,8k_text,,
CETX,Cemtrex Inc. Common Stock,46,38,59.3,major_financing_or_warrants,"financing/prospectus activity; 8-K plus filing activity spike; narrative/activity spike | 8-K text matched: reverse_split, major_financing_or_warrants",https://www.sec.gov/Archives/edgar/data/1435064/000149315226026874/form8-k.htm,45,8k_text,,
CGTL,Creative Global Technology Holdings Limited Class A Ordinary Shares,0,0,0.0,none_detected,,,0,metadata_none,,
CHSN,Chanson International Holding Class A Ordinary Shares,30,0,30.0,event_shock_watch,financing/prospectus burst,https://www.sec.gov/Archives/edgar/data/1825349/000121390026101141/ea0305676-6k_chanson.htm,0,metadata_only,,
CLDI,Calidi Biotherapeutics Inc. Common Stock,80,44,95.4,"Old thesis broken, investigate","financing/prospectus burst; high survival-risk metadata; 8-K plus filing activity spike; narrative/activity spike | 8-K text matched: delisting_or_listing_failure, reverse_split",https://www.sec.gov/Archives/edgar/data/1855485/000149315226035666/form8-k.htm,70,8k_text,,
CRMT,America's Car-Mart Inc Common Stock,66,48,82.8,"Old thesis broken, investigate","financing/prospectus burst; recent 8-K cluster; narrative/activity spike | 8-K text matched: partnership_or_customer_loss, restructuring_or_workforce",https://www.sec.gov/Archives/edgar/data/799850/000117184326006216/f8k_092426.htm,80,8k_text,,
CSAI,Cloudastructure Inc. Class A Common Stock,60,50,77.5,"Old thesis broken, investigate","financing/prospectus activity; 8-K plus filing activity spike; late periodic report notice | 8-K text matched: delisting_or_listing_failure, reverse_split, major_financing_or_warrants",https://www.sec.gov/Archives/edgar/data/1709628/000168316826005913/cloud_8k.htm,70,8k_text,"SEC filing text describes construction, design-build, engineering, or controlled-environment agriculture services.",construction_services
CTNT,Cheetah Net Supply Chain Service Inc Class A Common Stock,80,42,94.7,"Old thesis broken, investigate",financing/prospectus burst; high survival-risk metadata; recent 8-K cluster; narrative/activity spike | 8-K text matched: partnership_or_customer_loss,https://www.sec.gov/Archives/edgar/data/1951667/000110465926107715/tm2624728d1_8k.htm,80,8k_text,,
CVKD,Cadrenal Therapeutics Inc. Common Stock,30,32,41.2,major_financing_or_warrants,financing/prospectus burst | 8-K text matched: major_financing_or_warrants,https://www.sec.gov/Archives/edgar/data/1937993/000121390026089147/ea0302042-8k_cadrenal.htm,45,8k_text,,
CXAI,CXApp Inc. Class A Common Stock,30,56,56.0,"Old thesis broken, investigate","financing/prospectus burst | 8-K text matched: delisting_or_listing_failure, reverse_split, major_financing_or_warrants, business_pivot_or_rebrand",https://www.sec.gov/Archives/edgar/data/1820875/000182912626008889/cxappinc_8k.htm,70,8k_text,,
DCOY,Decoy Therapeutics Inc. Common Stock,46,32,57.2,major_financing_or_warrants,financing/prospectus burst; 8-K plus filing activity spike | 8-K text matched: major_financing_or_warrants,https://www.sec.gov/Archives/edgar/data/1615219/000161521926000019/dcoy-20260922.htm,45,8k_text,"SEC filing text describes construction, design-build, engineering, or controlled-environment agriculture services.",construction_services
DFLI,Dragonfly Energy Holdings Corp. Common Stock (NV),18,38,38.0,"Old thesis broken, investigate",financing/prospectus activity | 8-K text matched: delisting_or_listing_failure,https://www.sec.gov/Archives/edgar/data/1847986/000149315226039715/form8-k.htm,70,8k_text,,
DLXY,Delixy Holdings Limited Class A Ordinary Shares,0,0,0.0,none_detected,,,0,metadata_none,,
ELPW,Elong Power Holding Limited Class A Ordinary Shares,54,0,54.0,metadata_shock_suspected,financing/prospectus burst; high survival-risk metadata,https://www.sec.gov/Archives/edgar/data/2015691/000149315226042212/form424b3.htm,30,metadata_only,,
ELTK,Eltek Ltd.,0,0,0.0,none_detected,,,0,metadata_none,,
EPM,Evolution Petroleum Corporation Inc. Common Stock,80,48,96.8,"Old thesis broken, investigate","financing/prospectus burst; high survival-risk metadata; recent 8-K cluster; narrative/activity spike | 8-K text matched: major_financing_or_warrants, partnership_or_customer_loss",https://www.sec.gov/Archives/edgar/data/1006655/000110465926099227/tm2623576d1_8k.htm,80,8k_text,,
FBLG,FibroBiologics Inc. Common Stock,66,44,81.4,"Old thesis broken, investigate","financing/prospectus burst; recent 8-K cluster; narrative/activity spike | 8-K text matched: delisting_or_listing_failure, reverse_split",https://www.sec.gov/Archives/edgar/data/1958777/000119312526316067/fblg-20260722.htm,70,8k_text,,
GCTK,GlucoTrack Inc. Common Stock,80,38,93.3,major_financing_or_warrants,"financing/prospectus burst; high survival-risk metadata; recent 8-K cluster; narrative/activity spike | 8-K text matched: major_financing_or_warrants, business_pivot_or_rebrand",https://www.sec.gov/Archives/edgar/data/1506983/000149315226043844/form8-k.htm,45,8k_text,,
GMEX,GMEX ROBOTICS CORPORATION Class A Ordinary Shares,18,0,18.0,event_shock_watch,financing/prospectus activity,https://www.sec.gov/Archives/edgar/data/1928581/000149315226043932/form6-k.htm,0,metadata_only,,
GNPX,Genprex Inc. Common Stock,30,44,45.4,"Old thesis broken, investigate","financing/prospectus burst | 8-K text matched: delisting_or_listing_failure, reverse_split",https://www.sec.gov/Archives/edgar/data/1595248/000143774926025074/gnpx20260730_8k.htm,70,8k_text,,
GRCE,Grace Therapeutics Inc. Common Stock,70,57,90.0,"Old thesis broken, investigate","financing/prospectus activity; high survival-risk metadata; 8-K plus filing activity spike; narrative/activity spike | 8-K text matched: major_financing_or_warrants, clinical_or_regulatory_setback, asset_sale_or_impairment",https://www.sec.gov/Archives/edgar/data/1444192/000114036126032644/ef20079525_8k.htm,80,8k_text,,
GXAI,Gaxos.ai Inc. Common Stock,70,38,83.3,major_financing_or_warrants,"financing/prospectus burst; high survival-risk metadata; 8-K plus filing activity spike | 8-K text matched: major_financing_or_warrants, asset_sale_or_impairment",https://www.sec.gov/Archives/edgar/data/1895618/000121390026072056/ea0295894-8k_gaxos.htm,45,8k_text,,
HBIO,Harvard Bioscience Inc. Common Stock,18,50,50.0,major_financing_or_warrants,"financing/prospectus activity | 8-K text matched: reverse_split, major_financing_or_warrants, restructuring_or_workforce, asset_sale_or_impairment",https://www.sec.gov/Archives/edgar/data/1123494/000117184326005406/f8k_081126.htm,55,8k_text,,
HCWB,HCW Biologics Inc. Common Stock,80,46,96.1,going_concern_or_liquidity,"financing/prospectus burst; high survival-risk metadata; recent 8-K cluster; narrative/activity spike | 8-K text matched: going_concern_or_liquidity, reverse_split, major_financing_or_warrants",https://www.sec.gov/Archives/edgar/data/1828673/000149315226038258/form8-k.htm,65,8k_text,,
HPAI,Helport AI Limited Ordinary Shares,30,0,30.0,event_shock_watch,financing/prospectus burst,https://www.sec.gov/Archives/edgar/data/2001699/000121390026077190/ea0297661-6k_helport.htm,0,metadata_only,,
IDAI,T Stamp Inc. Class A Common Stock,18,44,44.0,major_financing_or_warrants,"financing/prospectus activity | 8-K text matched: major_financing_or_warrants, restructuring_or_workforce, business_pivot_or_rebrand",https://www.sec.gov/Archives/edgar/data/1718939/000171893926000039/idai-20260625.htm,55,8k_text,,
IMDX,Insight Molecular Diagnostics Inc. Common Stock,18,38,38.0,major_financing_or_warrants,"financing/prospectus activity | 8-K text matched: major_financing_or_warrants, asset_sale_or_impairment",https://www.sec.gov/Archives/edgar/data/1642380/000149315226022721/form8-k.htm,45,8k_text,"SEC filing text describes construction, design-build, engineering, or controlled-environment agriculture services.",construction_services
IPST,IP Strategy Holdings Inc. Common Stock,56,50,73.5,"Old thesis broken, investigate","financing/prospectus burst; late periodic report notice | 8-K text matched: delisting_or_listing_failure, reverse_split, major_financing_or_warrants",https://www.sec.gov/Archives/edgar/data/1788230/000178823026000053/ipst-20260421.htm,70,8k_text,,
IPW,iPower Inc. Common Stock,80,44,95.4,"Old thesis broken, investigate","financing/prospectus burst; high survival-risk metadata; 8-K plus filing activity spike; narrative/activity spike | 8-K text matched: delisting_or_listing_failure, reverse_split",https://www.sec.gov/Archives/edgar/data/1830072/000168316826005967/ipower_8k.htm,70,8k_text,,
ISPC,iSpecimen Inc. Common Stock,54,44,69.4,"Old thesis broken, investigate","financing/prospectus burst; recent 8-K cluster | 8-K text matched: delisting_or_listing_failure, major_financing_or_warrants",https://www.sec.gov/Archives/edgar/data/1558569/000121390026098847/ea0305069-8k_ispecimen.htm,70,8k_text,,
JOB,GEE Group Inc.,34,42,48.7,"Old thesis broken, investigate",financing/prospectus activity; 8-K plus filing activity spike | 8-K text matched: abrupt_management_exit,https://www.sec.gov/Archives/edgar/data/40570/000147793226003559/job_8k.htm,70,8k_text,"SEC filing text describes construction, design-build, engineering, or controlled-environment agriculture services.",construction_services
KAPA,Kairos Pharma Ltd. Common Stock,30,38,43.3,major_financing_or_warrants,"financing/prospectus burst | 8-K text matched: reverse_split, major_financing_or_warrants",https://www.sec.gov/Archives/edgar/data/1962011/000149315226039695/form8-k.htm,45,8k_text,,
KITT,Nauticus Robotics Inc. Common stock,80,50,97.5,"Old thesis broken, investigate","financing/prospectus burst; high survival-risk metadata; recent 8-K cluster; narrative/activity spike | 8-K text matched: delisting_or_listing_failure, reverse_split, major_financing_or_warrants",https://www.sec.gov/Archives/edgar/data/1849820/000184982026000142/kitt-20260923.htm,70,8k_text,,
KUST,Kustom Entertainment Inc. Common Stock,46,44,61.4,major_financing_or_warrants,"financing/prospectus burst; 8-K plus filing activity spike | 8-K text matched: major_financing_or_warrants, asset_sale_or_impairment, business_pivot_or_rebrand",https://www.sec.gov/Archives/edgar/data/1342958/000149315226035942/form8-k.htm,45,8k_text,,
LCTX,Lineage Cell Therapeutics Inc.,30,54,54.0,"Old thesis broken, investigate","financing/prospectus burst | 8-K text matched: major_financing_or_warrants, partnership_or_customer_loss, asset_sale_or_impairment",https://www.sec.gov/Archives/edgar/data/876343/000119312526338020/lctx-20260806.htm,80,8k_text,"SEC filing text describes construction, design-build, engineering, or controlled-environment agriculture services.",construction_services
LSF,Laird Superfood Inc. Common Stock,0,42,42.0,"Old thesis broken, investigate",8-K text matched: partnership_or_customer_loss,https://www.sec.gov/Archives/edgar/data/1650696/000143774926029721/lsf20260904_8k.htm,80,8k_text,,
MDCX,Medicus Pharma Ltd. Common Stock  ,80,42,94.7,"Old thesis broken, investigate",financing/prospectus burst; high survival-risk metadata; recent 8-K cluster; narrative/activity spike | 8-K text matched: partnership_or_customer_loss,https://www.sec.gov/Archives/edgar/data/1997296/000106299326004906/form8k.htm,80,8k_text,,
MOBX,Mobix Labs Inc. Class A Common Stock,80,48,96.8,"Old thesis broken, investigate","financing/prospectus burst; high survival-risk metadata; 8-K plus filing activity spike; late periodic report notice; narrative/activity spike | 8-K text matched: major_financing_or_warrants, partnership_or_customer_loss",https://www.sec.gov/Archives/edgar/data/1855467/000149315226040658/form8-k.htm,80,8k_text,"SEC filing text describes construction, design-build, engineering, or controlled-environment agriculture services.",construction_services
MSS,Maison Solutions Inc. Class A Common Stock,72,42,86.7,"Old thesis broken, investigate",financing/prospectus burst; 8-K plus filing activity spike; late periodic report notice | 8-K text matched: partnership_or_customer_loss,https://www.sec.gov/Archives/edgar/data/1892292/000121390026081956/ea0298995-8k_maison.htm,80,8k_text,,
NUWE,Nuwellis Inc. Common Stock,70,48,86.8,"Old thesis broken, investigate","financing/prospectus burst; high survival-risk metadata; 8-K plus filing activity spike | 8-K text matched: major_financing_or_warrants, partnership_or_customer_loss",https://www.sec.gov/Archives/edgar/data/1506492/000114036126030985/ef20079229_8k.htm,80,8k_text,,
NXXT,NextNRG Inc. Common Stock,80,44,95.4,"Old thesis broken, investigate","financing/prospectus burst; high survival-risk metadata; recent 8-K cluster; narrative/activity spike | 8-K text matched: delisting_or_listing_failure, reverse_split",https://www.sec.gov/Archives/edgar/data/1817004/000149315226043335/form8-k.htm,70,8k_text,,
ONCO,Onconetix Inc. Common Stock,80,50,97.5,"Old thesis broken, investigate","financing/prospectus burst; high survival-risk metadata; 8-K plus filing activity spike; narrative/activity spike | 8-K text matched: delisting_or_listing_failure, reverse_split, major_financing_or_warrants",https://www.sec.gov/Archives/edgar/data/1782107/000121390026058997/ea0291543-8k_onconetix.htm,70,8k_text,,
PBM,Psyence Biomedical Ltd. Common Shares,30,0,30.0,event_shock_watch,financing/prospectus burst,https://www.sec.gov/Archives/edgar/data/1985062/000121390026102358/ea0306308-6k_psyence.htm,0,metadata_only,,
PED,Pedevco Corp. Common Stock,80,32,91.2,asset_sale_or_impairment,"financing/prospectus burst; high survival-risk metadata; recent 8-K cluster; narrative/activity spike | 8-K text matched: reverse_split, asset_sale_or_impairment",https://www.sec.gov/Archives/edgar/data/1141197/000165495426007586/ped_8k.htm,45,8k_text,,
POCI,Precision Optics Corporation Inc. Common stock,18,48,48.0,"Old thesis broken, investigate","financing/prospectus activity | 8-K text matched: major_financing_or_warrants, partnership_or_customer_loss",https://www.sec.gov/Archives/edgar/data/867840/000168316826002421/poci_8k.htm,80,8k_text,"SEC filing text describes construction, design-build, engineering, or controlled-environment agriculture services.",construction_services
QSI,Quantum-Si Incorporated Class A Common Stock,18,44,44.0,"Old thesis broken, investigate","financing/prospectus activity | 8-K text matched: delisting_or_listing_failure, reverse_split",https://www.sec.gov/Archives/edgar/data/1816431/000181643126000049/qsi-20260723.htm,70,8k_text,"SEC filing text describes construction, design-build, engineering, or controlled-environment agriculture services.",construction_services
RAIN,Rain Enhancement Technologies Holdco Inc. Class A Common Stock,46,60,67.0,"Old thesis broken, investigate","financing/prospectus burst; 8-K plus filing activity spike | 8-K text matched: major_financing_or_warrants, partnership_or_customer_loss, restructuring_or_workforce, business_pivot_or_rebrand",https://www.sec.gov/Archives/edgar/data/2028293/000121390026102377/ea0306365-8k_rain.htm,80,8k_text,,
RGNT,Regentis Biomaterials Ltd. Ordinary Shares,30,0,30.0,event_shock_watch,financing/prospectus burst,https://www.sec.gov/Archives/edgar/data/1912966/999999999526003029/xslEFFECTX01/primary_doc.xml,0,metadata_only,,
SBFM,Sunshine Biopharma Inc. Common Stock,80,24,88.4,reverse_split,financing/prospectus burst; high survival-risk metadata; recent 8-K cluster; narrative/activity spike | 8-K text matched: reverse_split,https://www.sec.gov/Archives/edgar/data/1402328/000168316826007193/sunshine_8k.htm,35,8k_text,,
SKK,SKK Holdings Limited Class A Ordinary Shares,30,0,30.0,event_shock_watch,financing/prospectus burst,https://www.sec.gov/Archives/edgar/data/1991261/000149315226044299/form6-k.htm,0,metadata_only,,
SKYQ,Sky Quarry Inc. Common Stock,80,24,88.4,reverse_split,financing/prospectus burst; high survival-risk metadata; recent 8-K cluster; narrative/activity spike | 8-K text matched: reverse_split,https://www.sec.gov/Archives/edgar/data/1812447/000109690626001404/skyq-20260918_8k.htm,35,8k_text,,
SMTK,SmartKem Inc. Common Stock,80,38,93.3,"Old thesis broken, investigate",financing/prospectus burst; high survival-risk metadata; recent 8-K cluster; narrative/activity spike | 8-K text matched: delisting_or_listing_failure,https://www.sec.gov/Archives/edgar/data/1817760/000110465926107296/tm2625314d1_8k.htm,70,8k_text,,
SUNE,SUNation Energy Inc. Common Stock,18,54,54.0,"Old thesis broken, investigate","financing/prospectus activity | 8-K text matched: reverse_split, major_financing_or_warrants, partnership_or_customer_loss",https://www.sec.gov/Archives/edgar/data/22701/000121390026066011/ea0293876-8k425_sunation.htm,80,8k_text,,
TPET,Trio Petroleum Corp. Common Stock,30,42,44.7,"Old thesis broken, investigate",financing/prospectus burst | 8-K text matched: partnership_or_customer_loss,https://www.sec.gov/Archives/edgar/data/1898766/000149315226043485/form8-k.htm,80,8k_text,,
TRUG,TruGolf Holdings Inc. Class A Common Stock,42,32,53.2,major_financing_or_warrants,financing/prospectus activity; recent 8-K cluster | 8-K text matched: major_financing_or_warrants,https://www.sec.gov/Archives/edgar/data/1857086/000149315226041991/form8-k.htm,45,8k_text,,
VBIO,Valion Bio Inc. Common Stock,66,54,84.9,"Old thesis broken, investigate","financing/prospectus burst; recent 8-K cluster; narrative/activity spike | 8-K text matched: reverse_split, major_financing_or_warrants, partnership_or_customer_loss",https://www.sec.gov/Archives/edgar/data/1787740/000168316826006501/valion_8k.htm,80,8k_text,,
VNRX,VolitionRX Limited Common Stock,80,32,91.2,major_financing_or_warrants,financing/prospectus burst; high survival-risk metadata; recent 8-K cluster; narrative/activity spike | 8-K text matched: major_financing_or_warrants,https://www.sec.gov/Archives/edgar/data/93314/000147793226005804/vnrx_8k.htm,45,8k_text,,
WLDS,Wearable Devices Ltd. Ordinary Share,54,0,54.0,metadata_shock_suspected,financing/prospectus burst; high survival-risk metadata,https://www.sec.gov/Archives/edgar/data/1887673/000121390026102403/ea0306382-6k_wearable.htm,30,metadata_only,,
XAIR,Beyond Air Inc. Common Stock,70,48,86.8,"Old thesis broken, investigate","financing/prospectus burst; high survival-risk metadata; 8-K plus filing activity spike | 8-K text matched: routine_management_transition, partnership_or_customer_loss",https://www.sec.gov/Archives/edgar/data/1641631/000149315226044155/form8-k.htm,80,8k_text,,
XXII,22nd Century Group Inc. Common Stock,46,44,61.4,major_financing_or_warrants,"financing/prospectus burst; 8-K plus filing activity spike | 8-K text matched: major_financing_or_warrants, restructuring_or_workforce, asset_sale_or_impairment",https://www.sec.gov/Archives/edgar/data/1347858/000149315226037524/form8-k.htm,55,8k_text,,
YYAI,AiRWA Inc. Common Stock,72,38,85.3,"Old thesis broken, investigate",financing/prospectus activity; 8-K plus filing activity spike; late periodic report notice; narrative/activity spike | 8-K text matched: delisting_or_listing_failure,https://www.sec.gov/Archives/edgar/data/1674440/000149315226040647/form8-k.htm,70,8k_text,,
