ticker,cik,company_name,period_end,cash,current_assets,current_liabilities,total_assets,total_liabilities,revenue,operating_cash_flow,net_income,shares_outstanding,cash_to_market_cap,current_ratio,liabilities_to_assets,revenue_to_market_cap,operating_cash_flow_to_assets,return_on_assets,source_filing_url,extraction_status
ADIL,0001513525,Adial Pharmaceuticals Inc Common Stock,,,,,,,,,,,,,,,,,,companyfacts_unavailable
AIFF,0000803578,Firefly Neuroscience Inc. Common Stock,,,,,,,,,,,,,,,,,,companyfacts_unavailable
AIM,0000946644,AIM ImmunoTech Inc. Common Stock,,,,,,,,,,,,,,,,,,companyfacts_unavailable
AISP,0001842566,Airship AI Holdings Inc. Class A Common Stock,,,,,,,,,,,,,,,,,,companyfacts_unavailable
ALLR,0001860657,Allarity Therapeutics Inc. Common Stock,,,,,,,,,,,,,,,,,,companyfacts_unavailable
ALZN,0001677077,Alzamend Neuro Inc. Common Stock,,,,,,,,,,,,,,,,,,companyfacts_unavailable
APUS,0001894525,Apimeds Pharmaceuticals US Inc. Common Stock,,,,,,,,,,,,,,,,,,companyfacts_unavailable
APVO,0001671584,Aptevo Therapeutics Inc. Common Stock,,,,,,,,,,,,,,,,,,companyfacts_unavailable
ARTL,0001621221,Artelo Biosciences Inc. Common Stock,,,,,,,,,,,,,,,,,,companyfacts_unavailable
ASBP,0001847345,Aspire-Lakewood Holdings Inc. Common Stock,,,,,,,,,,,,,,,,,,companyfacts_unavailable
BIAF,0001712762,bioAffinity Technologies Inc. Common Stock,,,,,,,,,,,,,,,,,,companyfacts_unavailable
CAPS,0000887151,Capstone Holding Corp. Common Stock,,,,,,,,,,,,,,,,,,companyfacts_unavailable
CDT,0001896212,CDT Equity Inc. Common Stock,,,,,,,,,,,,,,,,,,companyfacts_unavailable
CETX,0001435064,Cemtrex Inc. Common Stock,,,,,,,,,,,,,,,,,,companyfacts_unavailable
CGTL,0001967822,Creative Global Technology Holdings Limited Class A Ordinary Shares,,,,,,,,,,,,,,,,,,companyfacts_unavailable
CHSN,0001825349,Chanson International Holding Class A Ordinary Shares,,,,,,,,,,,,,,,,,,companyfacts_unavailable
CLDI,0001855485,Calidi Biotherapeutics Inc. Common Stock,,,,,,,,,,,,,,,,,,companyfacts_unavailable
CRMT,0000799850,America's Car-Mart Inc Common Stock,,,,,,,,,,,,,,,,,,companyfacts_unavailable
CSAI,0001709628,Cloudastructure Inc. Class A Common Stock,,,,,,,,,,,,,,,,,,companyfacts_unavailable
CTNT,0001951667,Cheetah Net Supply Chain Service Inc Class A Common Stock,,,,,,,,,,,,,,,,,,companyfacts_unavailable
CVKD,0001937993,Cadrenal Therapeutics Inc. Common Stock,,,,,,,,,,,,,,,,,,companyfacts_unavailable
CXAI,0001820875,CXApp Inc. Class A Common Stock,,,,,,,,,,,,,,,,,,companyfacts_unavailable
DCOY,0001615219,Decoy Therapeutics Inc. Common Stock,,,,,,,,,,,,,,,,,,companyfacts_unavailable
DFLI,0001847986,Dragonfly Energy Holdings Corp. Common Stock (NV),,,,,,,,,,,,,,,,,,companyfacts_unavailable
DLXY,0002025218,Delixy Holdings Limited Class A Ordinary Shares,,,,,,,,,,,,,,,,,,companyfacts_unavailable
ELPW,0002015691,Elong Power Holding Limited Class A Ordinary Shares,,,,,,,,,,,,,,,,,,companyfacts_unavailable
ELTK,0001024672,Eltek Ltd.,,,,,,,,,,,,,,,,,,companyfacts_unavailable
EPM,0001006655,Evolution Petroleum Corporation Inc. Common Stock,,,,,,,,,,,,,,,,,,companyfacts_unavailable
FBLG,0001958777,FibroBiologics Inc. Common Stock,,,,,,,,,,,,,,,,,,companyfacts_unavailable
GCTK,0001506983,GlucoTrack Inc. Common Stock,,,,,,,,,,,,,,,,,,companyfacts_unavailable
GMEX,0001928581,GMEX ROBOTICS CORPORATION Class A Ordinary Shares,,,,,,,,,,,,,,,,,,companyfacts_unavailable
GNPX,0001595248,Genprex Inc. Common Stock,,,,,,,,,,,,,,,,,,companyfacts_unavailable
GRCE,0001444192,Grace Therapeutics Inc. Common Stock,,,,,,,,,,,,,,,,,,companyfacts_unavailable
GXAI,0001895618,Gaxos.ai Inc. Common Stock,,,,,,,,,,,,,,,,,,companyfacts_unavailable
HBIO,0001123494,Harvard Bioscience Inc. Common Stock,,,,,,,,,,,,,,,,,,companyfacts_unavailable
HCWB,0001828673,HCW Biologics Inc. Common Stock,,,,,,,,,,,,,,,,,,companyfacts_unavailable
HPAI,0002001699,Helport AI Limited Ordinary Shares,,,,,,,,,,,,,,,,,,companyfacts_unavailable
IDAI,0001718939,T Stamp Inc. Class A Common Stock,,,,,,,,,,,,,,,,,,companyfacts_unavailable
IMDX,0001642380,Insight Molecular Diagnostics Inc. Common Stock,,,,,,,,,,,,,,,,,,companyfacts_unavailable
IPST,0001788230,IP Strategy Holdings Inc. Common Stock,,,,,,,,,,,,,,,,,,companyfacts_unavailable
IPW,0001830072,iPower Inc. Common Stock,,,,,,,,,,,,,,,,,,companyfacts_unavailable
ISPC,0001558569,iSpecimen Inc. Common Stock,,,,,,,,,,,,,,,,,,companyfacts_unavailable
JOB,0000040570,GEE Group Inc.,,,,,,,,,,,,,,,,,,companyfacts_unavailable
KAPA,0001962011,Kairos Pharma Ltd. Common Stock,,,,,,,,,,,,,,,,,,companyfacts_unavailable
KITT,0001849820,Nauticus Robotics Inc. Common stock,,,,,,,,,,,,,,,,,,companyfacts_unavailable
KUST,0001342958,Kustom Entertainment Inc. Common Stock,,,,,,,,,,,,,,,,,,companyfacts_unavailable
LCTX,0000876343,Lineage Cell Therapeutics Inc.,,,,,,,,,,,,,,,,,,companyfacts_unavailable
LSF,0001650696,Laird Superfood Inc. Common Stock,,,,,,,,,,,,,,,,,,companyfacts_unavailable
MDCX,0001997296,Medicus Pharma Ltd. Common Stock  ,,,,,,,,,,,,,,,,,,companyfacts_unavailable
MOBX,0001855467,Mobix Labs Inc. Class A Common Stock,,,,,,,,,,,,,,,,,,companyfacts_unavailable
MSS,0001892292,Maison Solutions Inc. Class A Common Stock,,,,,,,,,,,,,,,,,,companyfacts_unavailable
NUWE,0001506492,Nuwellis Inc. Common Stock,,,,,,,,,,,,,,,,,,companyfacts_unavailable
NXXT,0001817004,NextNRG Inc. Common Stock,,,,,,,,,,,,,,,,,,companyfacts_unavailable
ONCO,0001782107,Onconetix Inc. Common Stock,,,,,,,,,,,,,,,,,,companyfacts_unavailable
PBM,0001985062,Psyence Biomedical Ltd. Common Shares,,,,,,,,,,,,,,,,,,companyfacts_unavailable
PED,0001141197,Pedevco Corp. Common Stock,,,,,,,,,,,,,,,,,,companyfacts_unavailable
POCI,0000867840,Precision Optics Corporation Inc. Common stock,,,,,,,,,,,,,,,,,,companyfacts_unavailable
QSI,0001816431,Quantum-Si Incorporated Class A Common Stock,,,,,,,,,,,,,,,,,,companyfacts_unavailable
RAIN,0002028293,Rain Enhancement Technologies Holdco Inc. Class A Common Stock,,,,,,,,,,,,,,,,,,companyfacts_unavailable
RGNT,0001912966,Regentis Biomaterials Ltd. Ordinary Shares,,,,,,,,,,,,,,,,,,companyfacts_unavailable
SBFM,0001402328,Sunshine Biopharma Inc. Common Stock,,,,,,,,,,,,,,,,,,companyfacts_unavailable
SKK,0001991261,SKK Holdings Limited Class A Ordinary Shares,,,,,,,,,,,,,,,,,,companyfacts_unavailable
SKYQ,0001812447,Sky Quarry Inc. Common Stock,,,,,,,,,,,,,,,,,,companyfacts_unavailable
SMTK,0001817760,SmartKem Inc. Common Stock,,,,,,,,,,,,,,,,,,companyfacts_unavailable
SUNE,0000022701,SUNation Energy Inc. Common Stock,,,,,,,,,,,,,,,,,,companyfacts_unavailable
TPET,0001898766,Trio Petroleum Corp. Common Stock,,,,,,,,,,,,,,,,,,companyfacts_unavailable
TRUG,0001857086,TruGolf Holdings Inc. Class A Common Stock,,,,,,,,,,,,,,,,,,companyfacts_unavailable
VBIO,0001787740,Valion Bio Inc. Common Stock,,,,,,,,,,,,,,,,,,companyfacts_unavailable
VNRX,0000093314,VolitionRX Limited Common Stock,,,,,,,,,,,,,,,,,,companyfacts_unavailable
WLDS,0001887673,Wearable Devices Ltd. Ordinary Share,,,,,,,,,,,,,,,,,,companyfacts_unavailable
XAIR,0001641631,Beyond Air Inc. Common Stock,,,,,,,,,,,,,,,,,,companyfacts_unavailable
XXII,0001347858,22nd Century Group Inc. Common Stock,,,,,,,,,,,,,,,,,,companyfacts_unavailable
YYAI,0001674440,AiRWA Inc. Common Stock,,,,,,,,,,,,,,,,,,companyfacts_unavailable
