ticker,history_rows,history_start_date,history_end_date,latest_close,latest_volume,latest_dollar_volume,public_age_years_proxy,all_time_high,all_time_drawdown,return_5d,return_20d,return_60d,avg_volume_20d,avg_volume_60d,relative_volume_20d,relative_volume_60d,dollar_volume_acceleration,volume_to_float,breakout_distance_60d,breakout_proximity_score,compression_5d_range,compression_5d_score,near_52w_low_score,drawdown_60d,explosive_behavior_score,recent_dynamism_score,price_history_status,price_history_source
CDT,237.0,2022-03-28,2026-10-01,1.25,258645.0,323306.25,4.51,1263750016.0,-0.9999999990108803,-0.92,-0.9952380952380953,-0.999984756097561,549715.95,183949.7,0.4705066316522197,1.4060637228546715,0.2836565101833447,,-0.999985549132948,0.0,12.304000282287598,0.0,100.0,-0.999985119047619,0.0,63.0,ok,yahoo_chart
JOB,169.0,1984-12-01,2026-10-01,0.2199999988079071,109232.0,24031.03986978531,41.83,140.3162078857422,-0.9984321127108349,0.15789474509759632,-0.6000000108372079,-0.9639344258610839,31597301.6,30101183.033333335,0.0034570040626507167,0.0036288274742902653,0.17195093823583643,,-0.9882352946613824,1.2,0.5,0.0,100.0,-0.9801801809687165,0.0,41.0,ok,yahoo_chart
VBIO,257.0,2021-11-08,2026-10-01,2.509999990463257,669684.0,1680906.8336133957,4.9,233750.0,-0.9999892620321263,-0.09386281308792344,-0.8821596206399844,-0.9735092349291476,4647332.6,1612864.6666666667,0.1441007256506668,0.4152140063828459,6.890045249426006,,-0.9725683061151557,2.7,0.9322708856813305,0.0,100.0,-0.9686250001192093,0.0,64.4,ok,yahoo_chart
IPW,260.0,2021-05-10,2026-10-01,1.1401000022888184,70893.0,80825.1094622612,5.39,17820.0,-0.9999360213242262,-0.3903208559456462,-0.9703330732959877,-0.9990707322657869,3098239.2,1053938.2666666666,0.0228817064867038,0.0672648505535492,2.2331806003398533,,-0.9995430094677029,0.0,2.7365142204208097,0.0,100.0,-0.9992203484571335,0.0,63.2,ok,yahoo_chart
CSAI,260.0,2025-01-30,2026-09-30,2.759999990463257,30900.0,85283.99970531464,1.66,1130.4000244140625,-0.9975583864730595,-0.20461096031498735,-0.4619883179546382,-0.7705735617849772,126310.0,91231.73333333334,0.2446362124930726,0.3386979384366258,3.262129811961443,,-0.8000000034553417,20.0,1.0,0.0,99.7,-0.7889908251863931,0.0,45.3,ok,yahoo_chart
KITT,260.0,2021-08-02,2026-10-01,1.5800000429153442,570961.0,902118.4045029879,5.16,165006.71875,-0.9999904246320702,-0.5929932881668719,-0.844181460609537,-0.9957521398983051,1129494.6,715736.3166666667,0.5055013100549572,0.7977253448016784,2.0412216185094043,,-0.9968196455681602,0.3,1.72974673836225,0.0,100.0,-0.9959586656500711,0.0,61.6,ok,yahoo_chart
CTNT,167.0,2023-07-31,2026-10-01,2.450000047683716,301088.0,737665.6143569946,3.17,5184000.0,-0.9999995273919661,-0.9869333330790202,-0.9903921566757501,-0.9999522417144701,1401792.25,472426.6666666667,0.2147878902883077,0.6373221946263264,1.822113783248696,,-0.9999614779866717,0.0,84.76734531621845,0.0,100.0,-0.9999581196573045,0.0,65.1,ok,yahoo_chart
YYAI,260.0,2021-01-04,2026-10-01,0.953000009059906,122207.0,116463.27210718393,5.74,2016000000.0,-0.9999999995272817,0.13182897912676506,-0.9957455356738397,-0.9999943676122396,5475550.35,1834924.1333333333,0.022318669757095743,0.06660057371309303,0.16778351463768448,,-0.9999954945158422,0.0,0.32633792881179047,0.0,100.0,-0.9999951377550558,0.0,55.9,ok,yahoo_chart
CAPS,260.0,1993-02-01,2026-09-01,0.14000000059604645,247713000.0,34679820.14764845,33.58,22125.0,-0.9999936723163573,-0.6410256263302152,-0.9439999997615814,-0.9936363636092707,38332295.0,12778090.0,6.462253303643833,19.385761095750617,0.9760883389693847,,-0.9962666666507721,0.4,2.4285713373398297,0.0,100.0,-0.9962666666507721,30.0,90.3,ok,yahoo_chart
MSS,158.0,2023-10-02,2026-10-01,1.6100000143051147,79773.0,128434.53114116192,3.0,710.0,-0.9977323943460491,0.06622518177048375,-0.673427977613607,-0.9612048189324068,13914193.65,4751543.75,0.005733210418557025,0.01678885941016538,2.162430807455838,,-0.9918686867964388,0.8,0.9503106068352533,0.0,100.0,-0.9667698660690911,0.0,51.5,ok,yahoo_chart
GCTK,161.0,2013-05-01,2026-09-01,1.6399999856948853,85163700.0,139668466.7817235,13.34,11700000.0,-0.999999859829061,-0.8719750248264272,-0.9985763889013065,-0.9999968582375753,8189669.75,2732527.0833333335,10.398917489926868,31.166644429416298,1.5500696727943264,,-0.9999967460317745,0.0,9.871951776643659,0.0,100.0,-0.999996081242567,30.0,94.7,ok,yahoo_chart
TPET,182.0,2023-04-17,2026-10-01,1.6299999952316284,178626.0,291160.37914824486,3.46,432.0,-0.9962268518628897,-0.07386363405457212,-0.505160886584192,-0.8425120835599269,2747985.75,5395952.216666667,0.0650025204825025,0.03310370307733112,1.8998633167830623,,-0.9275555557674832,7.2,0.45276068603410513,0.0,100.0,-0.9061600508648239,0.0,42.3,ok,yahoo_chart
QSI,260.0,2020-11-09,2026-10-01,1.4299999475479126,32524337.0,46509800.20403063,5.89,20.489999771118164,-0.9302098602478474,0.8668407288356621,0.34905662711467167,0.2999999241395447,19847751.85,29631155.616666667,1.6386912354509309,1.0976398430342016,0.9842773524333146,,-0.5387096801483917,46.1,0.5314685442936303,0.0,90.4,-0.3755458640310273,35.0,43.4,ok,yahoo_chart
KUST,232.0,2007-06-01,2026-09-01,0.41999998688697815,22384700.0,9401573.70646894,19.25,47376000.0,-0.999999991134752,-0.875,-0.9999363636383505,-0.9999994214876213,24194383.8,8064883.866666666,0.9252023190605085,2.775576235203982,3.36054516032132,,-0.9999995625000137,0.0,9.452381528491625,0.0,100.0,-0.9999994444444618,0.0,80.9,ok,yahoo_chart
CRMT,160.0,1987-03-01,2026-10-01,0.9822999835014343,476018.0,467592.47354638577,39.59,164.38999938964844,-0.9940245757822949,-0.9546281754822442,-0.9897868581785753,-0.977980274152395,11598515.9,6408310.3,0.04104128529064654,0.07428135931557497,0.26974614751641957,,-0.9944643561544385,0.6,28.24982307620287,0.0,99.6,-0.9940245757822949,0.0,55.7,ok,yahoo_chart
VNRX,174.0,2012-04-01,2026-09-01,0.25999999046325684,66018000.0,17164679.37040329,14.42,112.4000015258789,-0.9976868328564622,-0.9007633580839736,-0.9783333341280619,-0.9958064517667217,29478317.0,9929466.666666666,2.23954440818314,6.648695465348928,4.397680849459067,,-0.996859903612555,0.3,11.65384652857951,0.0,100.0,-0.9960960961498477,30.0,99.7,ok,yahoo_chart
MTNB,146.0,2014-08-01,2026-09-01,2.549999952316284,1964912.0,5010525.506305695,12.08,2805.0,-0.9990909091079087,-0.738461543352176,-0.7068965507791574,-0.9973846154335217,1466063.4,553339.8666666667,1.340264002225279,3.551003855617126,4.378781441354124,,-0.9973643411345569,0.3,4.447058686033112,0.0,100.0,-0.9969369369942147,30.0,87.9,ok,yahoo_chart
POCI,260.0,1992-02-01,2026-09-01,4.150000095367432,1629100.0,6760765.155363083,34.58,16256.25,-0.9997447135658367,-0.018912511429155357,-0.19260696436458524,-0.27192978346740265,591730.0,291429.43333333335,2.7531137512040966,5.5900324869954225,3.0204673557480173,,-0.5388888782925076,46.1,0.508433755428044,0.0,91.5,-0.4236110825965426,30.0,57.7,ok,yahoo_chart
GMEX,166.0,2023-08-07,2026-10-01,2.559999942779541,85447.0,218744.31511068344,3.15,292320.0,-0.9999912424741968,2.4594593375507645,-0.8510762150526086,-0.9993413686338171,8856915.2,3032438.6666666665,0.00964748990709542,0.028177651518315954,0.4670878073219393,,-0.9996783176145596,0.0,1.2679687868163463,0.0,100.0,-0.9994610181261802,35.0,67.5,ok,yahoo_chart
CDIO,248.0,2022-01-10,2026-10-01,1.9199999570846558,16745.0,32150.39928138256,4.72,302.70001220703125,-0.993657086621551,0.03225803350434739,0.19254654659946618,-0.4710744086628304,252772.25,4315004.083333333,0.06624540470720183,0.0038806452268903805,0.4397906908006716,,-0.7572692801362295,24.3,0.16302088019050143,34.8,99.8,-0.7068702440954822,0.0,17.9,ok,yahoo_chart
IMDX,129.0,2016-01-01,2026-09-01,3.5899999141693115,5888200.0,21138637.49461174,10.67,151.0,-0.976225166131329,-0.10473822711716875,0.7342995313750222,-0.9495786507297324,2977605.0,1405923.75,1.977495336016698,4.188136092017793,4.271157013079898,,-0.9518766757694413,4.8,1.0557103874328568,0.0,99.0,-0.9452743902793603,30.0,90.2,ok,yahoo_chart
GXAI,191.0,2023-02-13,2026-10-01,0.5313000082969666,142643.0,75786.2270835042,3.63,45.720001220703125,-0.9883792652206583,-0.29629137529468774,-0.5497457356663199,-0.5057674560650024,13748977.15,22463875.716666665,0.01037480813618197,0.0063498837778099265,0.03400893699898094,,-0.820506756266945,17.9,0.4705439414566397,0.0,100.0,-0.7445672943341657,0.0,29.5,ok,yahoo_chart
AISP,260.0,2021-05-10,2026-10-01,2.2200000286102295,41618747.0,92393619.5307219,5.39,11.25,-0.8026666641235352,0.08292686841375929,-0.13281246944097733,-0.550607286863204,4152877.35,3987542.45,10.021665340056334,10.437192210956901,3.224689764894877,,-0.6916666545249794,30.8,0.5045044464527451,0.0,91.8,-0.6211604133055141,30.0,61.2,ok,yahoo_chart
NUWE,175.0,2012-03-01,2026-09-01,0.7200000286102295,65553200.0,47198305.875492096,14.5,15013932695552.0,-0.999999999999952,-0.9817951948799142,-0.9996017919150865,-0.999999936390138,14406114.95,4804861.95,4.550373242718017,13.64309748795176,1.0173688476835303,,-0.9999999435718966,0.0,55.40277348679542,0.0,100.0,-0.9999999330422504,30.0,92.6,ok,yahoo_chart
AIFF,260.0,1994-05-01,2026-09-01,1.5299999713897705,164721800.0,252024349.2872715,32.34,847.5,-0.9981946902992451,-0.31696430139471676,-0.5349544105988292,-0.9826530609486573,72466910.0,27197298.666666668,2.2730622845654658,6.056550027958659,0.2565345147994621,,-0.9915000001589457,0.8,0.8954248175045989,0.0,99.5,-0.9903409088993422,30.0,72.9,ok,yahoo_chart
EPM,260.0,1996-05-01,2026-09-01,3.5399999618530273,11421900.0,40433525.56428909,30.34,17000.0,-0.9997917647081263,-0.2625000372529015,-0.3333333333333333,-0.3767605512607096,6947760.0,6298363.333333333,1.6439687035821617,1.8134711186874475,1.3318745079610623,,-0.649851623930076,35.0,0.49152536436959565,0.0,80.4,-0.6209850209828768,0.0,33.6,ok,yahoo_chart
DCX,249.0,2022-01-03,2026-10-01,3.740000009536743,208624.0,780253.7619895935,4.74,61056000.0,-0.9999999387447588,-0.959134613781478,-0.9900531914639981,-0.9999868384008673,335926.75,118136.0,0.6210401523546428,1.7659646509108147,2.6184026902444613,,-0.9999891177839574,0.0,29.36898354063956,0.0,100.0,-0.9999889322916384,0.0,74.0,ok,yahoo_chart
XAIR,260.0,2018-06-11,2026-10-01,2.930000066757202,50638.0,148369.3433804512,8.31,6244.0,-0.9995307495088473,-0.16997164574943233,-0.6346633541746437,-0.9368534489137239,720936.15,811243.3833333333,0.07023922992348212,0.062420231758233344,0.35738436231615034,,-0.9693514632476657,3.1,0.40955623956461024,0.0,100.0,-0.942322832465327,0.0,42.7,ok,yahoo_chart
BATL,260.0,2019-12-23,2026-10-01,1.0499999523162842,2179463.0,2288436.0460751057,6.77,22.360000610351562,-0.9530411483159715,-0.1860465245223681,-0.4444444654690107,-0.0707964984539188,55226008.15,40407037.71666667,0.039464431216544485,0.05393770796271557,0.20944239139887305,,-0.9646464671601455,3.5,0.44761909519463927,0.0,100.0,-0.9530411483159715,0.0,18.1,ok,yahoo_chart
APUS,260.0,2025-05-09,2026-09-30,5.0,190100.0,950500.0,1.39,38.95000076293945,-0.8716302977647833,1.1834061499084432,0.4124293937513857,-0.32705247435812934,6478915.0,2227232.8333333335,0.02934133261510608,0.08535254920586434,403.8557120206394,,-0.4807892065855618,51.9,0.9060000419616699,0.0,90.9,-0.375,35.0,49.2,ok,yahoo_chart
TRUG,254.0,2021-11-29,2026-10-01,2.940000057220459,152511.0,448382.3487267494,4.84,61250.0,-0.9999519999990658,-0.22631576470721101,-0.8090909006463312,-0.9932413791788035,5862980.55,1978556.9666666666,0.026012537258033375,0.07708193525351953,14.391836079596054,,-0.993677419231784,0.6,2.3469386000807377,0.0,100.0,-0.9929665070401424,0.0,60.6,ok,yahoo_chart
DCOY,140.0,2015-02-01,2026-09-01,1.9700000286102295,135896900.0,267716896.8880415,11.58,17640000.0,-0.9999998883219938,-0.6743801708259214,-0.9951140873785522,-0.9999463507617481,8775622.15,2953684.1166666667,15.4857282682801,46.0092869217729,2.0327568525717785,,-0.9999468716281389,0.0,5.8857868520990335,0.0,100.0,-0.9999339103586752,30.0,96.5,ok,yahoo_chart
ELTK,260.0,1997-02-01,2026-09-01,7.869999885559082,292800.0,2304335.966491699,29.58,39.375,-0.8001269870334201,-0.10568185057029181,-0.2935368363542008,0.3615916262778184,280860.0,566230.0,1.042512283700064,0.5171043568867775,0.49938506442888636,,-0.6548245548724979,34.5,0.40914870569913114,0.0,72.5,-0.539766098830773,0.0,22.1,ok,yahoo_chart
SMTK,124.0,2024-05-27,2026-10-01,1.6399999856948853,69936.0,114695.0389995575,2.35,431.6000061035156,-0.9962001854436917,-0.2991452795513981,-0.8639004182791743,-0.9470113103306067,1483874.5,561352.5,0.04713067041720846,0.12458481969885232,0.14273095854793857,,-0.9913684211279217,0.9,0.9085365991057704,0.0,100.0,-0.9856140352132028,0.0,50.4,ok,yahoo_chart
CXAI,260.0,2021-02-01,2026-10-01,2.430000066757202,121097.0,294265.7180840969,5.66,692.5,-0.9964909746328415,-0.28739002768522065,-0.7329670368250318,-0.9411622248995917,1657822.55,935018.6833333333,0.07304581542819526,0.12951292007159715,0.054088247098351645,,-0.9532692294854385,4.7,0.44423865444014365,0.0,100.0,-0.9415162428068167,0.0,45.3,ok,yahoo_chart
ADIL,260.0,2018-07-23,2026-10-01,4.130000114440918,13388.0,55292.44153213501,8.19,4356.25,-0.9990519368460394,-0.41994379482821875,0.9855770509271273,-0.5764102446727264,1374609.4,674190.2,0.009739493997349356,0.019857897667453488,0.1602207183046236,,-0.6158139428427053,38.4,0.830508409998663,0.0,99.8,-0.5869999885559082,0.0,46.8,ok,yahoo_chart
ELAB,151.0,2023-11-20,2026-10-01,3.2249999046325684,180360.0,581660.98279953,2.86,4362105.5,-0.9999992606781508,-0.3809981034511478,-0.8188202223111366,-0.9980157060486035,1000281.0,1135072.05,0.18030933307740524,0.158897402151696,0.06132137481934794,,-0.9989593240451666,0.1,0.9224806178626901,0.0,100.0,-0.9983840981126373,0.0,49.7,ok,yahoo_chart
HBIO,260.0,2001-04-01,2026-09-01,7.920000076293945,377000.0,2985840.0287628174,25.42,107.65731811523438,-0.9264332400718313,0.24137930003594962,-0.5368421111337291,-0.8865329551573066,6445902.5,2371913.0,0.05848676736888279,0.1589434351091292,0.09059571444346867,,-0.9037667098102886,9.6,0.4457070326977833,0.0,94.6,-0.8948207203809794,0.0,37.7,ok,yahoo_chart
USEG,,,,,,,,,,,,,,,,,,,,,,,,,,,no_history,no_history
DLXY,260.0,2025-07-09,2026-09-30,2.190000057220459,108400.0,237396.00620269775,1.23,6.71999979019165,-0.6741071241673355,3.353876671714694,4.09302330416818,3.5154639023221232,14907930.0,5083858.333333333,0.007271297893134728,0.021322388015663957,0.037961790288009056,,-0.5078651345870258,49.2,1.7351597774585799,0.0,12.0,-0.10245901399067549,70.0,91.8,ok,yahoo_chart
QTI,258.0,2021-11-01,2026-10-01,2.5299999713897705,13971.0,35346.629600286484,4.91,167.85000610351562,-0.9849270188895347,-0.04166671558461814,-0.4970179193121411,-0.916912975106752,169948.55,156037.41666666666,0.08220723271837271,0.08953621700777965,0.27256252707757295,,-0.94505971740921,5.5,0.4150197486917369,0.0,100.0,-0.934701250712702,0.0,37.3,ok,yahoo_chart
FBLG,141.0,2024-01-29,2026-10-01,1.2050000429153442,140096.0,168815.68601226807,2.67,300.0,-0.9959833331902822,-0.33425409888970703,0.147619140607704,-0.8950348352818307,870879.8,899870.4333333333,0.16086720578431143,0.1556846350435709,0.5165318216756084,,-0.9058593730500434,9.4,0.5443983358977345,0.0,99.8,-0.8978813539459527,0.0,25.9,ok,yahoo_chart
LCTX,260.0,1992-04-01,2026-09-01,0.9599999785423279,31344900.0,30091103.327411413,34.42,19.874706268310547,-0.951697400425333,-0.36423842079111074,0.5999999006589293,-0.6190476246791993,32596655.0,22175145.0,0.9615986671024987,1.4135149961815356,0.9224563261802873,,-0.6457564704690001,35.4,0.6666666045784936,0.0,87.9,-0.6081632816905725,0.0,44.1,ok,yahoo_chart
SUNE,181.0,1981-11-01,2026-10-01,2.2799999713897705,85485.0,194905.79755425453,44.91,11025000.0,-0.9999997931972815,0.6285714358699567,-0.9999981553398289,-0.9999997447951677,48567876.6,16189296.133333333,0.0017601140091844164,0.005280340744647239,1.9881643729048226,,-0.9999997546804421,0.0,3.8464911895445506,0.0,100.0,-0.9999997079169906,35.0,78.7,ok,yahoo_chart
IDAI,260.0,2021-02-22,2026-10-01,2.990000009536743,62032.0,185475.68059158325,5.6,100.0,-0.9700999999046326,-0.07430340808653813,0.4950000047683716,0.10536047832497414,266686.6,924507.2,0.23260261295468165,0.06709736819788965,0.6447496364114366,,-0.4337121419081776,56.6,0.2836120558148258,0.0,90.5,-0.3265765831073995,0.0,22.3,ok,yahoo_chart
CETX,135.0,2015-07-01,2026-09-01,2.0899999141693115,1059400.0,2214145.9090709686,11.17,650915968.0,-0.9999999967891402,-0.8150442585051502,-0.9944927538493562,-0.9999998365783161,4924526.55,1645269.1166666667,0.21512727959604563,0.6439068169870933,0.244008861319767,,-0.9999998904224547,0.0,4.459330408808027,0.0,100.0,-0.9999998626310483,0.0,59.0,ok,yahoo_chart
HCWB,260.0,2021-07-19,2026-10-01,1.690000057220459,55116.0,93146.04315376282,5.2,1245.5999755859375,-0.9986432240764733,-0.42517005975223604,-0.9025374831402042,-0.9311328445733213,1523001.6,4367651.083333333,0.03618906244090617,0.012619139887414314,0.10147921273060449,,-0.9616780019116737,3.8,0.8934910178272196,0.0,100.0,-0.950757573652446,0.0,50.7,ok,yahoo_chart
EAF,260.0,2018-04-16,2026-10-01,9.069999694824219,578301.0,5245189.8935165405,8.46,210.39999389648438,-0.9568916351809088,0.46290322158884917,-0.0032967786140534697,-0.2914062844007271,1958165.05,1568085.6833333333,0.2953280163998433,0.3687942605092126,2.2762421556068326,,-0.5536417405983293,44.6,0.6813672010046912,0.0,96.9,-0.5027412385615286,0.0,16.9,ok,yahoo_chart
ERNA,260.0,1991-09-01,2026-09-01,3.200000047683716,992700.0,3176640.0473356247,35.0,7500000.0,-0.999999573333327,-0.1466666539510091,-0.9775438593145003,-0.9999541218631156,7265843.95,2453083.2,0.13662556020075273,0.4046744113693331,6.43223613806231,,-0.999957755774948,0.0,4.012499987892807,0.0,100.0,-0.9999499217519924,0.0,68.2,ok,yahoo_chart
GNPX,260.0,2018-03-26,2026-10-01,2.559999942779541,140525.0,359743.991959095,8.52,669240.0,-0.9999961747654911,-0.26857144492013113,-0.8582659780837598,-0.9890222985579724,770750.3,371780.55,0.1823223422683066,0.37797835309028405,0.7311883390179175,,-0.9978842975679508,0.2,0.6522655632853261,0.0,100.0,-0.993588780312944,0.0,54.6,ok,yahoo_chart
BIAF,215.0,2022-08-29,2026-10-01,6.144999980926514,244640.0,1503312.7953338623,4.09,3172.5,-0.9980630417711815,-0.597576961577481,-0.7373931589272191,-0.9413924647557986,10010396.35,4150639.4166666665,0.024438592783591433,0.05894031628419983,0.9149771090905813,,-0.9696543210818444,3.0,1.1993489717815606,0.0,100.0,-0.9494238684697406,0.0,48.6,ok,yahoo_chart
AIM,260.0,1996-08-01,2026-09-01,0.18000000715255737,130723800.0,23530284.93500948,30.08,851406.375,-0.9999997885850841,-0.6538461273943874,-0.9907209993879342,-0.9990812870904715,116275726.35,38795931.5,1.1242570062001596,3.369523425413822,10.422878477357829,,-0.9990812870904715,0.1,5.999999751647323,0.0,100.0,-0.9989632401636187,30.0,97.0,ok,yahoo_chart
DFLI,260.0,2021-08-23,2026-10-01,0.86080002784729,182144.0,156789.5602722168,5.11,1467.9000244140625,-0.9994135840223922,-0.2102752279932276,-0.5977570160512515,-0.721423931470011,1527802.2,6071902.066666666,0.11921962149288698,0.029997848779532908,0.2655917171647146,,-0.9670191565032147,3.3,0.44144972506250596,0.0,100.0,-0.954455024062364,0.0,36.6,ok,yahoo_chart
LSF,260.0,2020-09-21,2026-10-01,3.4600000381469727,22971.0,79479.66087627411,6.03,57.099998474121094,-0.9394045511277007,-0.13930346901406562,-0.030812296121223496,-0.40651799598180854,209798.55,317234.51666666666,0.10949074719534525,0.07241015335079921,0.3064863199732403,,-0.46769230182354266,53.2,0.2167630033905051,13.3,77.8,-0.4327868701244865,0.0,10.8,ok,yahoo_chart
EVGN,191.0,2010-11-01,2026-09-01,0.4000000059604645,74258300.0,29703320.44261396,15.83,196.5,-0.9979643765599976,-0.4871794607277208,-0.7452229346516716,-0.9848484844037761,18493620.0,6725880.666666667,4.015346914233125,11.040680571099438,1.3628379288277486,,-0.9863481223079856,1.4,1.2500000558793536,0.0,100.0,-0.9846743294975407,30.0,84.7,ok,yahoo_chart
CGTL,260.0,2024-11-26,2026-09-30,3.884999990463257,22700.0,88189.49978351593,1.84,139.35000610351562,-0.9721205610312116,0.027777783033919333,-0.12892377640485742,-0.1423841477862494,41255.0,371678.3333333333,0.5502363349896983,0.06107431605285933,0.4410852139876821,,-0.3910658431385152,60.9,0.14414406840041877,42.3,99.7,-0.20389346324670204,0.0,9.4,ok,yahoo_chart
ALLR,251.0,2021-12-20,2026-10-01,1.0399999618530273,74036.0,76997.43717575073,4.78,10058160.0,-0.9999998966013702,-0.267605638532406,-0.4124293937513857,0.08559494487908066,569141.8,8035565.6,0.13008357495443137,0.009213539368031542,0.5217198200424689,,-0.5574468067837495,44.3,0.45480764204933616,0.0,100.0,-0.4720812453049997,0.0,18.3,ok,yahoo_chart
MDCX,260.0,2024-11-14,2026-09-30,0.16099999845027924,1815900.0,292359.89718586206,1.88,7.78000020980835,-0.9793059133536649,0.012578642286741649,-0.3585657103247361,-0.6340909106302852,10758410.0,4582116.666666667,0.16878888237202339,0.3963015636878153,0.16905013023576587,,-0.6298850630623989,37.0,0.13043477053646124,47.8,99.6,-0.6247086197696663,0.0,27.9,ok,yahoo_chart
BTTC,250.0,2025-10-02,2026-09-30,0.5199999809265137,65656200.0,34141222.74770737,0.99,23.979999542236328,-0.9783152631003754,-0.05282339263977126,0.29353225864085697,-0.3130779908243495,27613230.0,10400931.666666666,2.3777080768892302,6.312530656308193,0.40074143108753935,,-0.5315315547522353,46.8,0.5096154331102897,0.0,99.3,-0.504761900436851,30.0,51.6,ok,yahoo_chart
SKYQ,260.0,2024-10-10,2026-09-30,2.490000009536743,370800.0,923292.0035362244,1.97,33.91999816894531,-0.9265919768882415,-0.01968502089260163,-0.12014131566620724,-0.1699999968210856,4146290.0,5459556.666666667,0.08942934527010894,0.06791760258922122,2.203744494138041,,-0.6442857129233224,35.6,0.40562248457628086,0.0,88.2,-0.5585106261556855,0.0,16.8,ok,yahoo_chart
IPST,260.0,2024-11-22,2026-09-30,3.200000047683716,260900.0,834880.0124406815,1.85,1456.0,-0.997802197769448,0.11888117659406376,-0.24705881230971394,0.3675214380594113,298275.0,2605363.3333333335,0.8746961696421088,0.10013958385842538,8.766861862567932,,-0.8737174416568853,12.6,0.600000014901161,0.0,99.6,-0.7969543146440199,0.0,28.5,ok,yahoo_chart
LABT,111.0,2026-04-23,2026-09-30,0.9599999785423279,401800.0,385727.99137830734,0.44,86.5,-0.9889017343521118,-0.46067416068957084,-0.6521739196161391,-0.5983263864413854,2270390.0,2511293.3333333335,0.17697400006166342,0.1599972391383988,2.6931486243547775,,-0.8598540157798992,14.0,1.260416796663779,0.0,100.0,-0.7184750866924191,0.0,46.4,ok,yahoo_chart
ARTL,260.0,2019-06-17,2026-10-01,3.8299999237060547,91865.0,351842.9429912567,7.29,11299.5,-0.999661046955732,-0.3658940483617091,-0.6423902978464681,-0.9858431292868459,1734243.35,1052871.8166666667,0.05297122805746956,0.08725183687681892,1.980610454374981,,-0.9865543273946281,1.3,3.2062662504363746,0.0,100.0,-0.9848286790651406,0.0,50.6,ok,yahoo_chart
NXXT,260.0,2021-09-13,2026-10-01,0.7414000034332275,391571.0,290310.74074435234,5.05,91.19999694824219,-0.9918706137254151,2.3547511340896157,-0.13890824366849489,-0.4467164291303015,19818148.55,26823899.516666666,0.01975820289226765,0.014597840249017585,0.027568532962323967,,-0.7425694534817224,25.7,1.7574858939426439,0.0,98.3,-0.6748245558172932,35.0,29.7,ok,yahoo_chart
PDYN,260.0,2021-09-27,2026-10-01,5.324999809265137,937977.0,4994727.346095085,5.01,59.880001068115234,-0.9110721490601211,-0.0674256088108149,-0.16796879220055352,-0.2842742246893845,6606518.85,10236051.283333333,0.141977495455114,0.09163465227330819,0.3592597776025084,,-0.5036353500624005,49.6,0.18122069242309757,27.5,91.9,-0.4604863352575911,0.0,13.5,ok,yahoo_chart
CISS,174.0,2023-06-12,2026-10-01,0.8668000102043152,198835.0,172350.180028975,3.3,45754800.0,-0.9999999810555393,-0.41825503043197126,-0.9908177966504939,-0.999953095237543,4202405.6,1428079.5166666666,0.047314566685329,0.13923244306739177,0.3253794788563577,,-0.9999739417986351,0.0,0.9453160397348708,0.0,100.0,-0.9999489156052449,0.0,56.7,ok,yahoo_chart
RMTI,260.0,1998-02-01,2026-09-01,8.539999961853027,421900.0,3603025.9839057922,28.58,1773.199951171875,-0.9951838482985469,-0.029545479914373052,-0.5813725430614348,-0.870606061184045,1099719.0,809585.65,0.38364345801063726,0.5211307784420339,0.228070789958465,,-0.8805594410929647,11.9,0.5046838363034779,0.0,99.8,-0.8562289605643799,0.0,41.3,ok,yahoo_chart
WLDS,213.0,2022-09-12,2026-10-01,1.4500000476837158,53742.0,77925.90256261826,4.05,1684.800048828125,-0.9991393637193373,-0.2076502657487682,-0.43270733531698335,-0.8548548467562758,6213830.4,3956822.25,0.008648771617583897,0.01358211125101715,0.07590192092770981,,-0.9858674457188277,1.4,0.5034483546734397,0.0,100.0,-0.9828969088398029,0.0,32.6,ok,yahoo_chart
PED,260.0,2003-06-01,2026-09-01,13.020000457763672,717300.0,9339246.328353882,23.25,860160.0,-0.9999848632807178,-0.18523148743835433,-0.17594934806402004,-0.5601351253389008,413942.75,671328.4166666666,1.7328483226243243,1.0684785303169426,2.668059803996154,,-0.7331967077598682,26.7,0.6136712358065872,0.0,100.0,-0.6030487572983708,0.0,33.4,ok,yahoo_chart
ISPC,260.0,2021-06-14,2026-10-01,1.1399999856948853,24079.0,27450.059655547142,5.3,14008.0,-0.9999186179336311,-0.2597402506924976,-0.6695652261047746,-0.975847458320594,2376543.95,2002096.2166666666,0.010131939701767349,0.012026894511638232,0.8624578906094725,,-0.9910377357464973,0.9,0.7017544575125015,0.0,100.0,-0.9853846155680143,0.0,46.5,ok,yahoo_chart
XXII,188.0,2011-02-01,2026-09-01,0.8399999737739563,5366700.0,4508027.859252691,15.58,1046260800.0,-0.999999999197141,-0.9730769245758564,-0.9999703797745416,-0.9999999987306148,583357.0,194596.85,9.199683898538973,27.578555356882703,0.307899720801644,,-0.9999999989325624,0.0,45.97024131579812,0.0,100.0,-0.9999999987840194,30.0,89.7,ok,yahoo_chart
ENSC,260.0,2018-03-12,2026-10-01,0.39980000257492065,198110.0,79204.37851011753,8.56,59184.0,-0.9999932447958473,-0.12324560884674098,0.25329152164115687,-0.8049756039637032,46846600.5,23940085.166666668,0.0042289087764223144,0.008275242072899616,0.030001396781640502,,-0.854618180881847,14.5,0.3271636016292731,0.0,100.0,-0.8425984218191676,0.0,25.1,ok,yahoo_chart
NXL,213.0,2022-09-12,2026-10-01,7.550000190734863,61630248.0,465308384.1550369,4.05,130.8000030517578,-0.9422782873502892,0.49209491622790896,-0.33421515968746396,-0.6789965967775865,3133983.1,1236644.9,19.665150076910113,49.8366572328079,101.12801606855366,,-0.8741666634877523,12.6,0.9237747716897429,0.0,97.4,-0.8344298148382694,30.0,70.8,ok,yahoo_chart
GOVX,260.0,2020-09-21,2026-10-01,0.3222000002861023,121525.0,39155.35503476858,6.03,2805.0,-0.9998851336897375,-0.3329192682252767,-0.9114835189559467,-0.9830197631721393,3259666.25,6129336.083333333,0.03728142413352901,0.01982678031482828,0.006603339517003959,,-0.9838899999856949,1.6,0.558659239580148,0.0,100.0,-0.9831749343757517,0.0,51.7,ok,yahoo_chart
ONCO,243.0,2022-02-14,2026-10-01,0.7440999746322632,877609.0,653028.8346370459,4.63,10558700.0,-0.9999999295273116,-0.27049020730729584,-0.39991937991173515,-0.9949208192857866,8168475.45,3907771.4833333334,0.10743853065017168,0.22458042998240996,3.1250099269733056,,-0.9964482101449534,0.4,1.1208170410494263,0.0,100.0,-0.9959227398650287,0.0,47.0,ok,yahoo_chart
OLOX,260.0,2017-06-19,2026-10-01,0.8399999737739563,122837.0,103183.07677847147,9.28,728513.8125,-0.9999988469676767,-0.017543912239656678,-0.8285714372601521,-0.9945539422727058,7092576.85,3507431.183333333,0.01731909327143914,0.03502192732496044,0.44737156016645163,,-0.9949127907060693,0.5,0.7130952331112894,0.0,100.0,-0.9927083333678267,0.0,50.9,ok,yahoo_chart
INM,148.0,2014-06-01,2026-09-01,1.3600000143051147,1339900.0,1822264.0191674232,12.25,17754.0,-0.9999233975434096,0.8888888336994052,-0.5584415428593015,-0.9984457142693656,19763440.0,7777923.233333333,0.06779690175394566,0.17226963545457466,1.2392954661216928,,-0.9988523206630336,0.1,1.2573528683464015,0.0,100.0,-0.9985684210375736,35.0,61.1,ok,yahoo_chart
AIIO,260.0,2020-03-16,2026-10-01,1.2400000095367432,507675.0,629517.0048415661,6.54,310.79998779296875,-0.9960102958229112,-0.3260869635638757,-0.5193798270522665,-0.9470085457371206,9301383.75,15723400.0,0.05458058861403283,0.032287863948001067,0.02253308571071908,,-0.9779751327470625,2.2,0.6209677217778258,0.0,99.8,-0.9697560973283721,0.0,37.4,ok,yahoo_chart
HCAI,260.0,2025-02-05,2026-09-30,0.5350000262260437,271000.0,144985.00710725784,1.65,302.3999938964844,-0.9982308199833854,-0.027272700672307866,-0.8797752698523391,-0.9374268989133132,1362705.0,479146.6666666667,0.19886916097027604,0.5655888245770258,0.1528925251879238,,-0.9489990430982616,5.1,0.13831775201148955,44.7,99.9,-0.9334577078651206,0.0,53.0,ok,yahoo_chart
KAPA,108.0,2024-09-16,2026-10-01,1.559999942779541,79057.0,123328.91547632217,2.04,15.329999923706055,-0.8982387507799539,-0.15217395952157944,-0.591087832403303,-0.8142857126638191,1111045.75,612054.7166666667,0.07115548572144756,0.12916655626894796,0.24765924730467231,,-0.8943805081631161,10.6,0.2692307515962583,0.0,100.0,-0.8733766248845838,0.0,38.6,ok,yahoo_chart
ASBP,235.0,2022-04-11,2026-10-01,8.119999885559082,23018.0,186906.15736579895,4.47,517.5999755859375,-0.9843122096820677,-0.08455467978314714,0.5009242355974021,-0.43454038442240706,970750.9,16252788.083333334,0.023711541240909486,0.0014162493156238316,0.07462333062007764,,-0.7680000032697405,23.2,0.19433498656458437,22.3,98.5,-0.6469565267148225,0.0,26.5,ok,yahoo_chart
SEGG,174.0,2023-06-12,2026-10-01,2.299999952316284,40738.0,93697.39805746078,3.3,443.1000061035156,-0.9948092983059473,-0.15750918086188753,-0.8279730761403737,-0.9621461485211864,508261.1,2208656.95,0.08015171729648403,0.01844469327841972,0.04558222067267099,,-0.962014864057859,3.8,0.6608695706257524,0.0,100.0,-0.9567669188095477,0.0,48.5,ok,yahoo_chart
ELBM,260.0,2021-01-04,2026-10-01,0.5001999735832214,308832.0,154477.75824165344,5.74,22.823999404907227,-0.9780844730711097,-0.15791247669749317,-0.18401306129370476,-0.530328688536701,2232666.6,12099195.533333333,0.1383242800335706,0.025525002811068436,0.3112423432897345,,-0.9425057489023702,5.7,0.20991608280446422,16.0,100.0,-0.7746846994878833,0.0,18.4,ok,yahoo_chart
RAVE,260.0,1993-09-01,2026-09-01,2.299999952316284,2130200.0,4899459.898424149,33.0,13.979999542236328,-0.8354792541038695,-0.1696751017496481,-0.09090909947605397,0.7557252311295326,945540.0,1743081.6666666667,2.2528925270215963,1.2220884659257694,1.7594185955315131,,-0.38666667938232424,61.3,0.6260869943802666,0.0,86.3,-0.3113772420894462,0.0,31.4,ok,yahoo_chart
MTVA,121.0,2016-09-01,2026-09-01,1.5700000524520874,1859300.0,2919101.097524166,10.0,1390620.0,-0.9999988710071389,0.09027777087909232,-0.9211451499505584,-0.9998401352146795,14491407.5,5050550.016666667,0.12830361716072092,0.36813812235585525,8.958256903507335,,-0.9998081622614305,0.0,2.1299361850674803,0.0,100.0,-0.9996640129862021,0.0,66.1,ok,yahoo_chart
GRCE,175.0,2012-03-01,2026-09-01,2.1500000953674316,3071200.0,6603080.292892456,14.5,1934.4000244140625,-0.9988885442161743,-0.0401785329402407,-0.3484848101714858,-0.8208333253860474,4318005.0,2094768.6333333333,0.7112543871533266,1.4661285027515927,1.177534894510977,,-0.8243463941526674,17.6,0.39999998891076427,0.0,100.0,-0.7854291420015281,0.0,40.7,ok,yahoo_chart
VTAK,260.0,2018-09-24,2026-10-01,0.15199999511241913,244492.0,37162.78280502558,8.02,4322500.0,-0.999999964835166,-0.27619047686626585,-0.8211764813541951,-0.9417624516391644,35280499.6,14228203.2,0.006929947216507104,0.017183617394499962,0.03837078801046681,,-0.9647331793200922,3.5,0.4605263815754194,0.0,100.0,-0.9496688754727122,0.0,47.8,ok,yahoo_chart
WOK,112.0,2024-08-19,2026-10-01,1.7599999904632568,29915.0,52650.39971470833,2.12,6410000.0,-0.9999997254290186,-0.16190472838559505,-0.8428571410325109,-0.9999977172503366,3584320.85,1399748.2833333334,0.008346072032028048,0.02137169972358244,0.008046147664814285,,-0.999998107526892,0.0,0.2272727826902692,9.1,100.0,-0.9999978271605056,0.0,49.6,ok,yahoo_chart
PBM,253.0,2021-12-06,2026-10-01,5.480000019073486,14905.0,81679.40028429031,4.82,275390.625,-0.9999801009928385,0.20704847249311265,0.33658540159517153,-0.9570984707986907,383280.25,3058012.316666667,0.038887993837407486,0.0048740810881517105,0.09297290839716327,,-0.9746772562295521,2.5,0.48448900068071116,0.0,100.0,-0.9705277309898569,0.0,31.3,ok,yahoo_chart
CVM,173.0,1983-12-01,2026-10-01,2.0899999141693115,804030.0,1680422.6309895515,42.83,590625.0,-0.9999964613758067,-0.727509792258154,-0.9879469435540061,-0.9992666666967827,6659293.75,2716819.05,0.12073802871363049,0.29594536301561936,0.05693422708141348,,-0.9995712820688883,0.0,3.2679426243954692,0.0,100.0,-0.999285470114814,0.0,56.3,ok,yahoo_chart
EONR,236.0,2022-04-04,2026-10-01,0.5001000165939331,722271.0,361207.73908531666,4.49,12.119999885559082,-0.9587376220036272,-0.0989189006326147,-0.20744844599540374,0.5018018322789755,4120103.55,35624536.18333333,0.17530408914115764,0.020274537646834234,0.37046455632538156,,-0.683481010752904,31.7,0.33993197609711995,0.0,98.2,-0.6731372379440839,0.0,18.9,ok,yahoo_chart
SNOA,236.0,2007-02-01,2026-09-01,1.2799999713897705,1054000.0,1349119.969844818,19.58,51408.0,-0.9999751011521283,0.16363631240592627,-0.5241635895307833,-0.9885304660493648,13702105.0,5784037.916666667,0.07692248745721916,0.18222563807247977,0.07213593376501917,,-0.9911111113097932,0.9,0.3515625451109382,0.0,100.0,-0.9889655174880192,0.0,39.3,ok,yahoo_chart
ORKT,116.0,2024-07-22,2026-10-01,1.0199999809265137,108332.0,110498.63793373108,2.19,28.200000762939453,-0.9638297888889775,0.019999980926513672,-0.009708728874782328,-0.6554054162901103,797756.6,1713927.6166666667,0.13579580538725722,0.06320686996729159,0.4399677240776513,,-0.677215204676686,32.3,0.2784314160895145,0.0,98.9,-0.6540027148015561,0.0,15.5,ok,yahoo_chart
AMIX,141.0,2024-01-29,2026-10-01,3.9200000762939453,133073.0,521646.1701526642,2.67,2494.800048828125,-0.9984287317622367,-0.14596951067990535,-0.5321637173973466,-0.8348082531853044,14285032.15,5231693.033333333,0.009315554813084548,0.025435934247696784,0.015436582390776013,,-0.8795698873064568,12.0,0.29336736555746884,0.0,100.0,-0.8362573104074388,0.0,35.5,ok,yahoo_chart
CLDI,258.0,2021-11-01,2026-10-01,1.0800000429153442,14874.0,16063.92063832283,4.91,20236.80078125,-0.9999466318784975,-0.22021657014300466,-0.6164772554092909,-0.9872641508956531,1251862.85,703156.9666666667,0.011881493248242008,0.02115317163180587,0.22406975970726173,,-0.9868035179466972,1.3,0.3425925833943453,0.0,100.0,-0.9612068952228453,0.0,42.3,ok,yahoo_chart
DXST,260.0,2025-01-22,2026-09-30,2.5,1154800.0,2887000.0,1.69,101.5,-0.9753694581280788,-0.003984059960658085,-0.03474900276132909,0.1111111111111111,2216010.0,1693533.3333333333,0.5211167819639803,0.6818879659882692,415.2251781211512,,-0.5614034940955009,43.9,1.5199999332427978,0.0,98.1,-0.17763156862800458,0.0,18.8,ok,yahoo_chart
NXTC,260.0,2019-05-06,2026-10-01,4.960000038146973,46479.0,230535.84177303314,7.41,994.6799926757812,-0.9950134715942118,-0.3657289093008793,-0.3665389417016327,-0.03030297945395757,6967628.95,2461784.65,0.0066707053911072576,0.018880205463950715,0.05237665016089797,,-0.6848792814312337,31.5,0.8064517028373925,0.0,95.4,-0.6479772899622023,0.0,13.7,ok,yahoo_chart
MOBX,260.0,2021-08-09,2026-10-01,0.8172000050544739,773350.0,631981.6239088774,5.14,117.0,-0.993015384572184,-0.12129032390381451,-0.6181308574790624,-0.9139789468363712,14815212.5,15568548.666666666,0.05219972376366522,0.049673865981855816,0.99752789576726,,-0.9432499981456333,5.7,0.8480176386568358,0.0,100.0,-0.9307457634029427,0.0,44.2,ok,yahoo_chart
RPGL,242.0,2025-10-14,2026-09-30,16.389999389648438,25900.0,424500.98419189453,0.96,63744.0,-0.9997428777706192,0.02029383904037942,-0.3260690955873426,-0.44327448735309316,11345.4,49849.4,2.282863539408042,0.5195649295678584,0.43517857568144197,,-0.6491866660657212,35.1,0.27394752521796606,0.0,100.0,-0.5835874203381513,0.0,24.6,ok,yahoo_chart
NRXS,166.0,2023-08-07,2026-10-01,7.170000076293945,134848.0,966860.1702880859,3.15,8.199999809265137,-0.12560972645479823,0.20302013932925653,-0.028455289280558703,1.97510366014056,495232.4,1142347.4666666666,0.2722923621313953,0.11804464397639201,1.1380596287157094,,-0.23151123955787944,76.8,0.3835426007775704,0.0,15.6,-0.12560972645479823,0.0,31.1,ok,yahoo_chart
AUUD,260.0,2021-02-15,2026-10-01,1.2300000190734863,203397.0,250178.3138794899,5.62,24445.736328125,-0.9999496844765662,0.23000001907348633,-0.17449663677793772,-0.9357611344425016,11938229.85,9251659.55,0.017037450489362123,0.021984920532446526,0.13291811512063012,,-0.9486504825486686,5.1,0.6560975356823443,0.0,100.0,-0.9362771094956925,0.0,25.5,ok,yahoo_chart
APVO,122.0,2016-08-01,2026-09-01,1.8200000524520874,4205900.0,7654738.220608234,10.08,45620468.0,-0.9999999601056251,-0.624742249847535,-0.9988457635742688,-0.9999997988744648,2580848.85,861908.5666666667,1.6296576221424202,4.879751939658565,0.07507075690668909,,-0.9999998593578673,0.0,2.3351647023661797,0.0,100.0,-0.999999796235022,30.0,88.8,ok,yahoo_chart
MI,130.0,2015-12-01,2026-09-01,2.1600000858306885,1040500.0,2247480.0893068314,10.75,1700.0,-0.9987294117142173,8.11392427984481,-0.2145454233342951,-0.9943007913302621,5206970.0,2170845.7,0.19982830705765542,0.4793062906313424,2.8118433962414247,,-0.9950173008400676,0.5,9.101851557507938,0.0,99.9,-0.9928358206108435,35.0,56.8,ok,yahoo_chart
BIYA,260.0,2025-03-21,2026-09-30,1.9600000381469727,11527700.0,22594292.439746857,1.53,1795.0,-0.9989080779731772,-0.05314004765377106,-0.10909091106131052,-0.5254237327273538,756625.0,4669525.833333333,15.235684784404427,2.468708903527143,66.96473378145463,,-0.8018200232449669,19.8,0.653061258003444,0.0,100.0,-0.695652170693781,0.0,38.7,ok,yahoo_chart
NVNO,260.0,2018-05-28,2026-10-01,8.039999961853027,24439.0,196489.55906772614,8.34,4357.5,-0.9981549053443826,-0.29714136981445327,-0.26642336369805664,-0.9532150149764321,84671.95,99775.26666666666,0.28863159523313214,0.24494046286688284,1.3800213206303003,,-0.9548694906690554,4.5,0.5982586428811119,0.0,99.9,-0.7702857153756278,0.0,35.1,ok,yahoo_chart
PASG,260.0,2020-02-24,2026-10-01,4.201000213623047,26501.0,111330.70666122437,6.6,674.4000244140625,-0.9937707591021027,-0.09655911237328822,-0.19598080568415455,-0.39553952101946277,251755.05,269686.68333333335,0.10526501851700691,0.09826588273639268,0.28621760495550197,,-0.7899499893188476,21.0,0.2761247953493567,0.0,100.0,-0.7883627137083209,0.0,16.4,ok,yahoo_chart
CMND,204.0,2022-11-14,2026-10-01,0.7157999873161316,215856.0,154509.7220621109,3.88,69720.0,-0.9999897332187706,-0.3829310276611805,-0.6832743405589987,-0.9982626213900094,7135217.8,3064053.466666667,0.030252194964532127,0.07044785684984348,0.039794891312415655,,-0.9986339694898547,0.1,0.6146968502550267,0.0,100.0,-0.9984962185140417,0.0,44.4,ok,yahoo_chart
GRWG,260.0,2018-02-05,2026-10-01,1.5199999809265137,320241.0,486766.31389188766,8.65,58.13999938964844,-0.9738562092039316,-0.07598784282635446,-0.15083798138576873,0.048275814441950095,1539872.05,2335514.0166666666,0.2079659800306136,0.1371179953169624,0.43558217965288537,,-0.3666666997803569,63.3,0.09868419607920642,60.5,94.9,-0.2244898207432918,0.0,8.7,ok,yahoo_chart
INDO,260.0,2019-12-16,2026-10-01,2.690000057220459,139446.0,375109.7479791641,6.79,40.77000045776367,-0.9340201121653847,-0.12377846393662632,-0.16975307120289898,-0.032374070178252196,1587597.3,4786480.766666667,0.0878346164987809,0.029133304153462842,0.3026734740364397,,-0.6835294050328872,31.6,0.26022297188663895,0.0,98.5,-0.5425170059752236,0.0,7.9,ok,yahoo_chart
ELPW,180.0,2023-05-01,2026-10-01,3.0299999713897705,37520.0,113685.59892654419,3.42,662400.0,-0.9999954257246809,-0.017828222391283448,-0.9237448112533712,-0.9999855483059973,2327845.15,893053.0833333334,0.01611791059211993,0.04201318006759023,0.09049267422814572,,-0.9999866824895772,0.0,0.811881208374614,0.0,100.0,-0.9999396221909097,0.0,52.9,ok,yahoo_chart
AIOS,117.0,2017-01-01,2026-09-01,12.399999618530273,699600.0,8675039.73312378,9.66,3990.0,-0.9968922306720476,0.33047210563928514,-0.895798322533359,-0.9947457628735041,1087772.25,409563.25,0.6431493357180237,1.708161071580519,4.699412912717056,,-0.9965227146330538,0.3,1.9169354259409574,0.0,99.9,-0.9948290243459006,0.0,71.8,ok,yahoo_chart
JCTC,260.0,1996-05-01,2026-09-01,2.9100000858306885,203500.0,592185.0174665451,30.34,11.59000015258789,-0.7489214799379511,0.4846938924459751,-0.366013074271904,-0.7489214799379511,363455.0,186968.33333333334,0.5599042522458076,1.0884196075984347,1.5864990009639903,,-0.7540152067119325,24.6,0.5120274386184832,0.0,83.5,-0.7317972365419858,0.0,39.6,ok,yahoo_chart
IRIX,260.0,1996-03-01,2026-09-01,0.6299999952316284,1054300.0,664208.9949727058,30.5,16.5,-0.9618181821071741,-0.3883495022028257,-0.6158536580933622,-0.917754568174767,2316500.0,1339700.0,0.45512626807684003,0.786967231469732,0.4668253392195587,,-0.9334038062694308,6.7,0.9365079965781257,0.0,100.0,-0.9178618006564562,0.0,45.7,ok,yahoo_chart
JTAI,260.0,2021-09-27,2026-10-01,1.5199999809265137,31777.0,48301.039393901825,5.01,47909.5546875,-0.9999682735523041,0.21599998474121093,1.2677461626457682,-0.9754847702565917,7282497.15,8128599.633333334,0.0043634757893451425,0.003909283447752864,0.2448591206910145,,-0.9799588011520779,2.0,0.8026316078415872,0.0,100.0,-0.9782160870654822,35.0,71.3,ok,yahoo_chart
ENVB,136.0,2015-06-01,2026-09-01,1.4850000143051147,1323800.0,1965843.018937111,11.25,121500000.0,-0.9999999877777777,-0.62405063382824,-0.9407894729337113,-0.999994685990287,16701588.2,5576307.35,0.0792619231265683,0.23739724461206393,0.07394921908630636,,-0.999995111111064,0.0,2.3077441966148897,0.0,100.0,-0.9999937499999398,0.0,54.4,ok,yahoo_chart
EDBL,232.0,2022-05-02,2026-10-01,1.190000057220459,87307.0,103895.33499574661,4.42,19102500.0,-0.9999999377044859,-0.14388484210986724,-0.8911751246862621,-0.9987224905451203,5966754.8,2084855.6166666667,0.014632241968448242,0.04187676081837705,0.27903935502645727,,-0.9990487609454672,0.1,0.32773106465711205,0.0,100.0,-0.9986576423494411,0.0,52.5,ok,yahoo_chart
WIMI,260.0,2020-03-30,2026-10-01,0.777899980545044,77451.0,60249.1313931942,6.51,162.89999389648438,-0.9952246776568981,-0.35710747436310714,-0.5198148282374428,-0.7931117067771052,598457.55,1118490.85,0.12941770055369842,0.06924598444412844,0.19732167719916133,,-0.8623185898381024,13.8,0.6903201104344833,0.0,99.9,-0.8396082482801663,0.0,35.2,ok,yahoo_chart
MSAI,256.0,2021-11-15,2026-10-01,4.755000114440918,1933.0,9191.415221214294,4.88,538.0,-0.9911617098244593,-0.02361391659559802,-0.24162677369924412,-0.8475961539049356,875491.65,695579.7666666667,0.0022079022683997042,0.0027789767509530296,0.029130072573454055,,-0.9504687488079071,5.0,0.16193479755931584,35.2,100.0,-0.9237980769524677,0.0,25.5,ok,yahoo_chart
FNUC,256.0,2021-11-15,2026-10-01,1.2899999618530273,209613.0,270400.7620038986,4.88,169.0,-0.9923668641310471,-0.14569538410575428,-0.3915094191088453,-0.6725888469242612,1813690.65,3588843.55,0.11557263086734224,0.05840683693219227,0.6469962957433849,,-0.8263795435185796,17.4,0.4612403458954669,0.0,100.0,-0.7388664075079264,0.0,30.0,ok,yahoo_chart
TOVX,237.0,2007-01-01,2026-09-01,0.23000000417232513,9847700.0,2264971.041087806,19.67,150937.5,-0.9999984761904486,-0.361111124908482,-0.8188976317900956,-0.9979999999637189,170144925.0,60925619.583333336,0.05787830580312636,0.16163479448133364,0.3696945210443191,,-0.9980425531559802,0.2,1.086956437233492,0.0,100.0,-0.99775609752027,0.0,50.9,ok,yahoo_chart
RBNE,260.0,2025-04-11,2026-09-30,2.3929998874664307,7200.0,17229.5991897583,1.47,1050.0,-0.9977209524881272,0.009704642623610482,-0.08664122443051626,-0.690226547960035,28785.0,103038.88333333333,0.2501302761855133,0.06987653366455673,0.3319371169965494,,-0.7063803681627692,29.4,0.10572504508084064,57.7,99.9,-0.7021038354613223,0.0,18.5,ok,yahoo_chart
SOAR,247.0,2022-01-17,2026-10-01,0.2946000099182129,26708510.0,7868327.310900688,4.7,321.9360656738281,-0.9990849114425823,0.22750006876265164,1.0317242647946696,-0.7743403615508477,219345280.5,83954721.13333334,0.12176468962139352,0.3181299352728797,2.637774617838175,,-0.9239175256081542,7.6,1.0047521349225748,0.0,99.9,-0.876684182719167,35.0,78.4,ok,yahoo_chart
QNTM,260.0,2018-06-04,2026-10-01,3.424999952316284,82307.0,281901.4710752964,8.33,9080.1748046875,-0.9996228046237008,0.05709874760339658,-0.6293290003077767,-0.8474387600925927,1061115.35,1075106.7833333334,0.07756649642284412,0.07655704649617207,0.38763451771230417,,-0.8475745413004655,15.2,0.3737226941982004,0.0,99.0,-0.8184949761530892,0.0,40.9,ok,yahoo_chart
FBGL,260.0,2025-02-06,2026-10-01,3.7799999713897705,11900.0,44981.99965953827,1.65,34.5,-0.8904347834379777,0.013404812884881412,0.03561640345909423,-0.35162949899545215,521425.5,186394.83333333334,0.022822052239485795,0.06384297132699493,0.08820526296229231,,-0.4056603943338251,59.4,0.2830688306243495,0.0,98.0,-0.4000000227065307,0.0,9.0,ok,yahoo_chart
MASK,260.0,2025-01-08,2026-09-30,0.8130000233650208,197200.0,160323.6046075821,1.72,102.5,-0.9920682924549754,-0.1396825084460413,-0.4065693280764067,-0.5787564531294693,1261765.0,570435.0,0.15628900785804012,0.3457010877663537,0.185261440672594,,-0.5741225737491158,42.6,0.15990166186982477,36.0,100.0,-0.5698412542230207,0.0,28.3,ok,yahoo_chart
LNAI,260.0,2018-02-05,2026-10-01,1.3799999952316284,38199.0,52714.619817852974,8.65,885.5999755859375,-0.9984417343797706,-0.4225941695985999,-0.38938053050665955,-0.927824271199825,3128169.95,4391879.7,0.012211293059700928,0.008697642606194336,0.024845242115677017,,-0.9349056629448778,6.5,1.1260868885416462,0.0,100.0,-0.927824271199825,0.0,32.3,ok,yahoo_chart
ALGS,260.0,2020-10-12,2026-10-01,5.5,28257.0,155413.5,5.97,840.0,-0.993452380952381,-0.1143317284678846,-0.04513892683165894,-0.28571426802088423,627887.85,579489.2833333333,0.045003259738184136,0.048761902614419934,0.18907662599151734,,-0.5982175507422797,40.2,0.27636363289572974,0.0,99.5,-0.586310645472884,0.0,8.3,ok,yahoo_chart
STAK,260.0,2025-02-26,2026-09-30,1.090000033378601,207100.0,225739.00691270828,1.59,9.270000457763672,-0.8824163991852103,0.15957450653536398,-0.16153840510802656,-0.7315270815909496,2756305.0,4846476.666666667,0.07513682266657717,0.04273207409093754,31.25473889590714,,-0.9091666638851166,9.1,0.7431192454861514,0.0,91.1,-0.8824163991852103,0.0,32.5,ok,yahoo_chart
BANL,186.0,2023-03-20,2026-10-01,4.539999961853027,10386.0,47152.43960380554,3.53,259.3500061035156,-0.9824946988432267,-0.49611544433706933,-0.15644741962166311,-0.4748409807455979,393973.9,283279.61666666664,0.026362152416695622,0.03666342154162522,0.12627321248015444,,-0.7230863168592861,27.7,1.145374416951036,0.0,99.7,-0.7180124314109747,0.0,15.7,ok,yahoo_chart
BESS,260.0,2004-04-01,2026-09-01,2.369999885559082,1150600.0,2726921.86832428,22.42,2059.5556640625,-0.9988492664088116,-0.055776934436695264,-0.7581632816905726,-0.9109022612191356,2214400.0,743436.5166666667,0.5195989884393064,1.5476775409942534,41.309344731102236,,-0.9623809541974749,3.8,1.877637140988884,0.0,99.9,-0.9596938789743161,0.0,64.5,ok,yahoo_chart
MBAI,138.0,2015-04-01,2026-09-01,3.5399999618530273,590600.0,2090723.977470398,11.42,8719.2001953125,-0.9995939994629603,-0.655976678816669,-0.4374702308291844,-0.9711350295216014,2771820.55,1233462.5833333333,0.2130729566890613,0.47881468637982605,0.07595335623957657,,-0.980697927591802,1.9,3.210451947341013,0.0,100.0,-0.9717478062599029,0.0,37.4,ok,yahoo_chart
MNDR,131.0,2024-04-08,2026-10-01,1.2699999809265137,22415.0,28467.049572467804,2.48,6544.7998046875,-0.9998059528146275,-0.10563378921933275,-0.7535894394905743,-0.961197678011341,826087.4,1412693.45,0.02713393280178344,0.01586685349181735,0.10203707467415665,,-0.963505746874442,3.6,0.2598424635135089,0.0,100.0,-0.9602503927824736,0.0,46.1,ok,yahoo_chart
GBR,260.0,1993-04-01,2026-09-01,0.7699999809265137,1528000.0,1176559.970855713,33.42,227.5,-0.9966153846992241,-0.06097562482568367,-0.3362068938939664,-0.8192488404798459,4851995.0,3434323.3333333335,0.3149220063087452,0.44492025115088174,0.2513681173364595,,-0.8768000030517578,12.3,0.2987013308711196,0.0,98.9,-0.797368423529279,0.0,31.4,ok,yahoo_chart
CTXR,143.0,2014-11-01,2026-09-01,0.531000018119812,4077300.0,2165046.3738799095,11.83,937.5,-0.9994335999806722,-0.23706891752994919,-0.8026022279462376,-0.9895369454557672,19057440.0,7299689.333333333,0.21394793844293883,0.5585580171722376,0.26672734796227304,,-0.99055999967787,0.9,0.6836158062083567,0.0,100.0,-0.988641710842357,0.0,51.7,ok,yahoo_chart
AEMD,260.0,1999-04-01,2026-09-01,6.519999980926514,99448400.0,648403566.1031723,27.42,27000000.0,-0.9999997585185192,-0.4152466184760335,-0.9767142857824053,-0.9995777202084892,8886243.05,2989481.8333333335,11.191276160289133,33.26609945948827,6.067402535565947,,-0.9995894206561129,0.0,2.222392591149946,0.0,100.0,-0.9995459610041137,30.0,99.7,ok,yahoo_chart
INKT,260.0,2021-10-11,2026-10-01,12.729999542236328,26674.0,339560.0077896118,4.97,200.10000610351562,-0.9363818133236296,0.09364254009999652,0.17111312569085457,-0.1462106188789907,90453.7,404061.23333333334,0.2948911984805486,0.06601474677476689,0.6831404869040987,,-0.25029447082306927,75.0,0.13150038072058526,47.4,87.3,-0.15639500241799728,0.0,12.0,ok,yahoo_chart
CLRB,250.0,2005-12-01,2026-09-01,1.840000033378601,1318700.0,2426408.0440163612,20.75,231336000.0,-0.999999992046201,-0.29230765351176824,-0.7546666622161865,-0.9934050178015104,5987069.55,2228836.4166666665,0.22025800585530195,0.5916540084050583,2.2680762946430546,,-0.9940453073353444,0.6,1.5760868501854775,0.0,100.0,-0.9928682169248891,0.0,58.3,ok,yahoo_chart
OTLK,123.0,2016-07-01,2026-09-01,0.5740000009536743,92276800.0,52966883.288002014,10.17,758.4000244140625,-0.9992431434830225,1.2960000038146973,-0.7213592150982389,-0.9867741939914125,143993750.0,52362983.666666664,0.6408389253005773,1.7622525215029288,5.965536146585194,,-0.9875757577602873,1.2,2.9146341292457145,0.0,100.0,-0.9861352661884597,35.0,81.5,ok,yahoo_chart
PTN,260.0,1997-11-01,2026-09-01,8.869999885559082,2828700.0,25090568.676280975,28.83,105468.75,-0.9999158992603443,-0.5611083479774176,-0.8050549475701301,-0.9838727274808017,715899.8,293025.05,3.9512512784610356,9.65344089182819,0.9141548081280364,,-0.9926083334287008,0.7,1.635851123158492,0.0,100.0,-0.9900056339317644,30.0,85.0,ok,yahoo_chart
QUCY,258.0,2021-11-01,2026-10-01,1.350000023841858,446001.0,602101.3606334925,4.91,27.760000228881836,-0.9513688756227998,-0.15094339905563753,-0.5945945781465954,-0.23728811390427534,11498835.05,22264346.683333334,0.038786624737259794,0.020032072188934602,0.010476641119579733,,-0.7261663142295081,27.4,0.22962958318870008,8.1,95.9,-0.6098265870063805,0.0,25.7,ok,yahoo_chart
RVSN,237.0,2022-03-28,2026-10-01,3.3499999046325684,24637.0,82533.94765043259,4.51,19584.0,-0.9998289419983337,-0.17487685915111004,-0.3300000190734863,-0.9901004729165056,102631.85,163218.11666666667,0.2400521865288407,0.15094525352424623,0.2956506866642734,,-0.996224926963638,0.4,0.34985073573128816,0.0,100.0,-0.9936589059586627,0.0,33.3,ok,yahoo_chart
HUBC,249.0,2022-01-03,2026-10-01,1.0299999713897705,220008.0,226608.23370552063,4.74,18540000.0,-0.999999944444446,0.5327380733277283,-0.5521739161983555,-0.9999756501188797,13319225.15,5049671.066666666,0.01651807800546115,0.04356877846010458,0.03813652666715428,,-0.9999755634644985,0.0,6.834951753800173,0.0,100.0,-0.9999716253451407,35.0,55.4,ok,yahoo_chart
RAIL,257.0,2005-05-01,2026-09-01,6.75,5812700.0,39235725.0,21.34,70.5,-0.9042553191489362,-0.18082521996429277,-0.44717444890160696,0.4900661561526885,4291915.0,3306570.0,1.3543371665095885,1.757924374805312,0.7942674876480026,,-0.5807453515486308,41.9,0.5511110800283926,0.0,91.6,-0.5299442784553743,0.0,37.4,ok,yahoo_chart
HUMA,260.0,2020-11-30,2026-10-01,0.5029000043869019,2981468.0,1499380.2702794075,5.83,14.300000190734863,-0.9648321679944636,-0.16876034953344834,-0.5210475931189216,-0.7324999969880631,41338593.4,32253704.466666665,0.07212311195861831,0.09243800206209699,0.19641802527245833,,-0.8027843083173024,19.7,0.21733946391613773,13.1,100.0,-0.7605237965594608,0.0,34.1,ok,yahoo_chart
LHAI,260.0,2025-07-24,2026-09-30,1.0099999904632568,26900.0,27168.99974346161,1.19,15.59000015258789,-0.935214882579998,-0.05607482153980292,0.23020708294861353,-0.21705424780599455,5336580.0,4006758.3333333335,0.005040681485145917,0.006713656717504383,0.007335443616838733,,-0.39880951071609944,60.1,0.0940593761411929,62.4,97.6,-0.30821920268910025,0.0,12.5,ok,yahoo_chart
RDGT,204.0,2009-10-01,2026-09-01,0.8299999833106995,10310400.0,8557631.827926636,16.92,324000.0,-0.9999974382716564,-0.3985507346531645,-0.9965199162125338,-0.9999639756951688,15361230.75,5123644.0,0.6711962190920151,2.012317795693846,10.55317755117772,,-0.9999764739233755,0.0,2.903614404188009,0.0,100.0,-0.9999665861520406,0.0,76.9,ok,yahoo_chart
ALZN,260.0,2021-06-14,2026-10-01,1.315000057220459,148412.0,195161.78849220276,5.3,12190.5,-0.9998921291122415,-0.20783127490244407,0.1637168697075163,-0.4463157653808594,624155.6,564190.2,0.23778045090038447,0.26305313350001475,0.9707408583886278,,-0.5093283490803759,49.1,0.5247148495787334,0.0,100.0,-0.48023712565573357,0.0,19.9,ok,yahoo_chart
AIRI,260.0,2000-11-01,2026-09-01,2.549999952316284,218000.0,555899.98960495,25.83,7187.5,-0.9996452173979387,-0.19303801169171483,-0.41513764352551946,-0.7616822431988982,2762475.0,2522179.1666666665,0.07891474130987611,0.08643319351817129,0.1714023265645123,,-0.803846157514132,19.6,0.33333339566498915,0.0,100.0,-0.7548076878990646,0.0,30.9,ok,yahoo_chart
CVKD,195.0,2023-01-16,2026-10-01,0.9700000286102295,109160.0,105885.20312309265,3.71,61.79999923706055,-0.9843042064630232,-0.20491802798135098,-0.8131021160085073,-0.9235015768718641,1478203.0,640914.3333333334,0.07384642028192338,0.1703191742214118,0.16840782502914273,,-0.9337431689984459,6.6,0.39690719495634114,0.0,100.0,-0.9315937935307256,0.0,48.5,ok,yahoo_chart
DERM,257.0,2021-11-08,2026-10-01,6.71999979019165,103833.0,697757.7382149696,4.9,9.899999618530273,-0.3212121162496284,-0.14503820915496995,0.12751673610407724,-0.03309352883245698,1017696.65,931312.2166666667,0.10202745582389408,0.11149107478868571,0.6284615756618251,,-0.2967033411237527,70.3,0.28199405358500307,0.0,29.7,-0.26234906219055965,0.0,8.2,ok,yahoo_chart
TWAV,260.0,1995-07-01,2026-09-01,1.5700000524520874,1310800.0,2057956.0687541962,31.17,396000.0,-0.9999960353534029,-0.07100591757714816,-0.6279620543818116,-0.9987539682123396,7146755.0,3577199.9833333334,0.18341191211955635,0.36643184784389954,1.2254438855660346,,-0.9988106060208697,0.1,0.9681528217483295,0.0,100.0,-0.9986981757442354,0.0,48.7,ok,yahoo_chart
SBFM,243.0,2022-02-14,2026-10-01,0.6876000165939331,129298.0,88905.30694556236,4.63,120600.0,-0.9999942985073251,-0.3968420831384418,-0.8570478118973549,-0.9538523466981298,2715503.9,2316356.3,0.047614735519252986,0.05581956454626605,0.020565428933385175,,-0.9717037021324159,2.8,0.8195171226387208,0.0,100.0,-0.9671004770744447,0.0,49.4,ok,yahoo_chart
FGI,246.0,2022-01-24,2026-10-01,8.020000457763672,8857.0,71033.14405441284,4.68,20.049999237060547,-0.5999999619481555,0.08232127164815002,0.49906553284592553,1.209366447636845,5535132.85,3130407.6166666667,0.0016001422621681068,0.0028293439975178524,0.026646036334078343,,-0.597591553689997,40.2,0.3915212174686489,0.0,68.4,-0.19719713298191532,0.0,41.8,ok,yahoo_chart
CING,253.0,2021-12-06,2026-10-01,4.75,48743.0,231529.25,4.82,883.2000122070312,-0.9946218297844786,-0.0686274335641942,0.0626398709062008,0.17574258535916343,1459372.15,1496217.3833333333,0.03339997957340765,0.032577485426220874,0.17553983534231304,,-0.6005046372713077,39.9,0.18736839294433594,25.1,99.7,-0.45339468016516454,0.0,6.6,ok,yahoo_chart
BGDE,175.0,2012-03-01,2026-09-01,5.329999923706055,1340600.0,7145397.897720337,14.5,426384.0,-0.9999874995311182,0.18444442749023438,-0.6446666717529297,-0.9955583333969116,7396489.75,2745975.55,0.18124813868632753,0.48820536657728075,0.3747692407931042,,-0.9971527778185331,0.3,1.3771106530611514,0.0,100.0,-0.9956411516921233,0.0,46.4,ok,yahoo_chart
ETRA,70.0,2026-09-18,2026-10-01,10.680000305175781,0.0,0.0,0.04,15.0,-0.2879999796549479,-0.01566820924580625,-0.08247422764877094,-0.2249636783648181,91317.9,78859.23333333334,0.0,0.0,0.8941690359222041,,-0.2468265109079356,75.3,0.044007425086562905,82.4,100.0,-0.2288808656305288,0.0,11.0,ok,yahoo_chart
MGN,254.0,2025-09-26,2026-09-30,3.7100000381469727,331600.0,1230236.0126495361,1.01,5820.0,-0.999362542948772,-0.06075949535177333,-0.9742361108462015,-0.977433088954474,1254735.55,437078.9666666667,0.2642787956394477,0.7586729751122776,0.07237683452038385,,-0.9900268816178844,1.0,0.2735849311233795,0.0,100.0,-0.9799242425493473,0.0,57.7,ok,yahoo_chart
FABC,260.0,2003-11-01,2026-09-01,2.2799999713897705,2794300.0,6371003.920054436,22.83,38320128.0,-0.9999999405012433,-0.14606745084648415,-0.7840909203796671,-0.9947763931589042,10234423.75,3492506.7666666666,0.27302953915700434,0.8000843482021218,2.1442967652747353,,-0.9948518787340759,0.5,1.8333334901876637,0.0,100.0,-0.9939618645801486,0.0,59.9,ok,yahoo_chart
PLRZ,260.0,2024-10-29,2026-09-30,10.782999992370605,13500.0,145570.49989700317,1.92,4935.0,-0.9978149949356898,-0.033781349479939854,-0.24909469009933952,-0.2929180332871734,57340.0,64038.333333333336,0.23543773979769794,0.21081123285532102,0.09001893034289618,,-0.3452944479707813,65.5,0.1177780263991697,52.9,45.5,-0.2956891118987593,0.0,16.0,ok,yahoo_chart
RNAZ,260.0,2021-07-05,2026-10-01,1.5449999570846558,16662.0,25742.789284944534,5.24,3910368.0,-0.9999996048965322,-0.25,-0.7524038439495323,-0.8568118663070575,319218.1,527146.0333333333,0.05219628836836007,0.03160793963418486,0.2238892200604922,,-0.9263935219660866,7.4,0.5631068920023219,0.0,100.0,-0.8985554823688594,0.0,44.5,ok,yahoo_chart
RNTX,260.0,2017-06-26,2026-10-01,0.8521000146865845,1107762.0,943924.0164692402,9.26,292.20001220703125,-0.9970838467519199,-0.04150729352337538,-0.1727184093637858,-0.286348399829952,2146878.1,2490821.033333333,0.5159873772059997,0.4447376929837232,0.3189770933619511,,-0.6091284455994985,39.1,0.3051284895927256,0.0,99.1,-0.5158522617592175,0.0,15.3,ok,yahoo_chart
AVAT,260.0,2025-02-03,2026-09-30,1.8300000429153442,1002300.0,1834209.0430140495,1.65,10.619999885559082,-0.827683609921338,-0.17194569623186454,1.541666625274554,2.5603113774482695,2453100.0,1102441.6666666667,0.40858505564387915,0.9091637501606282,0.8169956846552054,,-0.2906976368097597,70.9,0.30054648012432683,0.0,85.2,-0.1902654643196573,35.0,83.6,ok,yahoo_chart
JZXN,260.0,2021-05-17,2026-10-01,1.0800000429153442,133751.0,144451.0857399702,5.37,128700.0,-0.999991608391275,-0.06086950842960002,-0.027027000903735277,-0.9709677413772718,17142812.55,11455010.333333334,0.00780216196204047,0.011676200728583658,0.33741549771740076,,-0.9886554613704188,1.1,0.833333388522817,0.0,100.0,-0.9747663536876848,0.0,21.8,ok,yahoo_chart
VMAR,260.0,2020-11-23,2026-10-01,6.71999979019165,27009.0,181500.47433328629,5.85,84456000.0,-0.9999999204319434,-0.22625222043590545,-0.8983358555927561,-0.9991340206455939,1599000.75,538588.2333333333,0.01689117406605344,0.05014777213538581,0.07779229035610721,,-0.9991295337059337,0.1,0.44494045602237897,0.0,100.0,-0.998936708893957,0.0,52.0,ok,yahoo_chart
HPAI,114.0,2024-08-05,2026-10-01,0.32199999690055847,273387.0,88030.61315265298,2.15,6.760000228881836,-0.9523668659765977,-0.2494172395393325,-0.6811881188703114,-0.9200992605119811,3522599.35,2017216.45,0.07760945053260172,0.13552685434426237,0.5623869897242377,,-0.9295404847252996,7.0,1.0217391284227435,0.0,99.6,-0.9224096410841047,0.0,45.2,ok,yahoo_chart
REVB,260.0,2020-11-16,2026-10-01,0.8009999990463257,60899.0,48780.09894192219,5.87,2096640.0,-0.9999996179601653,-0.20693068652512472,-0.25140190674692237,-0.9223837187274287,182119.95,902057.4833333333,0.3343895053781862,0.0675112186586631,0.38326070601883494,,-0.9316552917409283,6.8,0.3121097886304698,0.0,100.0,-0.9316552917409283,0.0,29.1,ok,yahoo_chart
WFCF,238.0,2006-12-01,2026-09-01,11.050000190734863,263700.0,2913885.0502967834,19.75,52.79999923706055,-0.7907196903332753,-0.10598701475162918,-0.1152922023035702,-0.1814814673529731,132070.0,128198.33333333333,1.9966684334065268,2.056969019358026,4.4430197732584045,,-0.5011286509688858,49.9,1.176470567928149,0.0,81.0,-0.2810669959004414,0.0,29.9,ok,yahoo_chart
MXC,260.0,1994-06-01,2026-09-01,9.84000015258789,1830200.0,18009168.279266357,32.25,40.15999984741211,-0.7549800749508226,-0.002028347341352258,-0.18650790490851357,-0.053846104469523225,412795.0,883843.3333333334,4.433677733499679,2.0707289753463094,1.5913847862966637,,-0.7711627871491188,22.9,0.4674797063148358,0.0,79.9,-0.5020242895440133,0.0,24.3,ok,yahoo_chart
ATRA,143.0,2014-11-01,2026-09-01,8.5,991900.0,8431150.0,11.83,1403.5,-0.9939437121482009,0.7819706570206274,-0.042792805128791675,-0.9810055865921787,6690560.0,3497049.2,0.1482536588865506,0.28363913210028613,7.577684146148457,,-0.9830339321357285,1.7,0.9199999640969669,0.0,99.7,-0.9809949692565679,35.0,50.3,ok,yahoo_chart
SNGX,260.0,1994-05-01,2026-09-01,0.36000001430511475,4802500.0,1728900.0687003136,32.34,1800000.0,-0.999999799999992,0.02857148695965302,-0.845493551033038,-0.9985849055701959,64219670.0,24944196.666666668,0.07478238365285901,0.19252975207727008,0.6728481763024939,,-0.9986607141716748,0.1,2.361111000732144,0.0,100.0,-0.9985148513887386,0.0,53.2,ok,yahoo_chart
RGNT,206.0,2025-12-04,2026-09-30,1.809999942779541,22200.0,40181.99872970581,0.82,9.399999618530273,-0.8074468067837495,-0.13809522620134018,-0.12135922667195663,-0.5027472827978969,54470.0,77865.0,0.4075637965852763,0.2851088422269312,0.45242617970050086,,-0.5417721719165733,45.8,0.15469612168041635,38.1,93.5,-0.5224274509241457,0.0,17.5,ok,yahoo_chart
BRN,169.0,1984-11-01,2026-10-01,0.9409999847412109,51492.0,48453.97121429443,41.91,25.889999389648438,-0.9636539201651179,-0.2816793695848495,-0.6527675381936001,-0.6698245557090544,8897539.6,7439178.2,0.005787217850651657,0.0069217322956452365,0.4374401728114245,,-0.8653791107934925,13.5,0.5207225907308125,0.0,97.8,-0.7349295782026046,0.0,38.0,ok,yahoo_chart
TVGN,249.0,2022-01-03,2026-10-01,6.71999979019165,6535.0,43915.198628902435,4.74,565.0,-0.9881061950616077,-0.08446871246693972,-0.30072840475884494,-0.8582278570914657,78151.75,92508.95,0.08361936872814749,0.07064181357587564,0.30297453250837797,,-0.8642424284809768,13.6,0.23065479748931036,7.7,99.6,-0.8564102585525228,0.0,29.3,ok,yahoo_chart
SNAL,205.0,2022-11-07,2026-10-01,2.369999885559082,13468.0,31919.158458709717,3.9,15.199999809265137,-0.8440789529408775,-0.06324114135969645,-0.5690909298983488,-0.5187817677616268,883630.4,4893004.8,0.0152416666515774,0.0027525008763531157,0.008666238805679771,,-0.7805555700274649,21.9,0.16455701423469643,34.2,97.1,-0.595217783460551,0.0,30.3,ok,yahoo_chart
KGEI,200.0,2010-02-01,2026-09-01,6.179999828338623,3742300.0,23127413.35759163,16.58,63.400001525878906,-0.9025236643595972,0.0766550652901413,-0.17819151010460424,7.828571333690564,3414225.0,1390565.8333333333,1.0960906208583208,2.691206637106358,1.3648294660028135,,-0.3751264293422338,62.5,0.3996764297148568,0.0,90.7,-0.26340887062572965,0.0,50.2,ok,yahoo_chart
AGPU,196.0,2010-06-01,2026-09-01,11.369999885559082,6880000.0,78225599.21264648,16.25,2250000.0,-0.9999949466667175,0.9238578983276651,-0.4843537288450809,-0.9715037596853155,13807347.15,5098367.883333334,0.4982854363881189,1.3494514631811598,0.839003128563262,,-0.9741473392425117,2.6,0.8188214631914003,0.0,100.0,-0.9699206352233887,35.0,62.2,ok,yahoo_chart
AGRZ,252.0,2025-10-01,2026-10-01,3.2300000190734863,32700.0,105621.000623703,1.0,124.5999984741211,-0.9740770460784207,-0.19249999523162842,-0.26923077752936214,-0.5575342555233092,485134.0,377381.1666666667,0.06740405743567757,0.08664979306951813,0.05132734692061015,,-0.7515384600712702,24.8,0.40061916492675237,0.0,99.9,-0.6217798555618923,0.0,21.2,ok,yahoo_chart
NEUP,252.0,2021-12-13,2026-10-01,3.509999990463257,14303.0,50203.52986359596,4.8,156.0,-0.977500000061133,-0.06896551506065508,-0.35948905506451095,-0.5666666882518868,652820.15,1999560.05,0.021909556560103113,0.007153073497342578,0.07977490191762912,,-0.835981305933111,16.4,0.10113960684844125,59.5,99.3,-0.8196300022817615,0.0,24.3,ok,yahoo_chart
VRAX,221.0,2022-07-18,2026-10-01,2.240000009536743,30771.0,68927.04029345512,4.21,2735.0,-0.9991809871994382,-0.14666666303362166,-0.6776978315092081,-0.8843870962819745,5822093.35,3419803.5833333335,0.005285212405603219,0.008997885185559999,0.00801220808521342,,-0.8970114938144026,10.3,0.39285719227425886,0.0,100.0,-0.8828758164948108,0.0,41.5,ok,yahoo_chart
SKK,105.0,2024-10-07,2026-10-01,4.454999923706055,6552.0,29189.15950012207,1.98,66.30000305175781,-0.9328054341079259,-0.010000016954210069,0.12216621954675608,0.04823527616613051,489532.6,1042820.3666666667,0.013384195455011577,0.006282961293653292,0.02605015812836767,,-0.7518105997575171,24.8,0.3793490653563403,0.0,95.7,-0.17193311729715233,0.0,5.4,ok,yahoo_chart
CHSN,185.0,2023-03-27,2026-10-01,1.0700000524520874,23050.0,24663.501209020615,3.52,118480.0,-0.9999909689394627,0.0700000524520874,-0.1300812716587769,-0.9965705126523972,3732567.5,1809141.9,0.0061753739215700725,0.012740846917535877,0.06252508718082675,,-0.9971916009121993,0.3,0.4205606602010671,0.0,100.0,-0.9963356162587257,0.0,24.8,ok,yahoo_chart
RAIN,260.0,2025-01-02,2026-09-30,0.800000011920929,45800.0,36640.000545978546,1.74,8.130000114440918,-0.901599015909,-0.20792077279724247,-0.09909909728498162,-0.58333331781129,3542255.0,1801318.3333333333,0.012929616868350811,0.02542582238379113,0.05650050646133658,,-0.6078431240781732,39.2,0.37999994486570443,0.0,98.1,-0.58333331781129,0.0,15.5,ok,yahoo_chart
CNSP,260.0,2019-11-04,2026-10-01,5.240300178527832,862.0,4517.138753890991,6.91,4491000.0,-0.9999988331551596,-0.08546245007252834,-0.03315496222077314,0.02952849144091379,95863.1,1593604.3666666667,0.008991989618528923,0.0005409121724503307,0.0023864138706754545,,-0.505071776420124,49.5,0.20666749410766766,17.3,100.0,-0.4600411932278805,0.0,1.8,ok,yahoo_chart
TMDE,260.0,2025-04-21,2026-09-30,0.6499999761581421,48200.0,31329.99885082245,1.44,5.78000020980835,-0.8875432608021143,-0.07142858967489157,-0.14473686274399084,-0.23529416714572438,122520.0,218650.0,0.39340515834149525,0.22044363137434256,0.40575483391250344,,-0.40909094357293424,59.1,0.13076929425347014,47.7,93.4,-0.36893204445326105,0.0,12.5,ok,yahoo_chart
PAVS,260.0,2019-10-21,2026-10-01,3.9800000190734863,9787.0,38952.26018667221,6.95,12456000.0,-0.9999996804752714,-0.15337165747412035,-0.9617307690473703,-0.99995692640672,4066580.65,1368767.05,0.0024066902497064703,0.007150230566990928,0.007137585269264179,,-0.9999732526880438,0.0,0.22613061624013903,9.5,100.0,-0.9999709064326091,0.0,53.7,ok,yahoo_chart
AMS,167.0,1985-01-01,2026-07-01,1.4199999570846558,1226700.0,1741913.9473557472,41.49,11.25,-0.873777781592475,-0.41078842053434844,-0.48550726014810114,-0.48363637924194336,2178880.0,3548323.3333333335,0.5629956674988985,0.3457125759865927,0.338981244548422,,-0.7182539746364258,28.2,1.3098591206400565,0.0,90.9,-0.6720554313845634,0.0,29.7,ok,yahoo_chart
CSTE,174.0,2012-04-01,2026-09-01,2.869999885559082,850500.0,2440934.9026679993,14.42,71.73999786376953,-0.9599944247139641,1.1578945811671377,-0.347727312874202,-0.7689211056417744,5792290.0,3280506.6666666665,0.14683311781696012,0.2592587323909315,0.7590824939129367,,-0.7900512165661111,21.0,0.9163762999628167,0.0,97.5,-0.7700320520168226,35.0,47.6,ok,yahoo_chart
ALP,260.0,2002-02-01,2026-09-01,4.829999923706055,2941246.0,14206217.955600739,24.58,208000.0,-0.9999767788465207,-0.5924050828505542,-0.9780952384412424,-0.9997623031533609,2314915.8,825093.2166666667,1.2705628429336395,3.564743886614993,0.7906190834507356,,-0.9997986661140598,0.0,5.1130434808362795,0.0,100.0,-0.9997632352978576,30.0,88.7,ok,yahoo_chart
BGMS,260.0,2004-04-01,2026-09-01,0.8799999952316284,3574900.0,3145911.9829535484,22.42,371952000.0,-0.9999999976341033,-0.0927835368289101,-0.988888888520959,-0.9999536158551955,15415034.95,5159808.016666667,0.2319099510053333,0.6928358552203369,0.36144023084317944,,-0.9999582146251077,0.0,2.53409087676401,0.0,100.0,-0.9999502149810346,0.0,59.5,ok,yahoo_chart
TAOX,260.0,2020-12-07,2026-10-01,4.389999866485596,131892.0,579005.8623905182,5.82,303.5,-0.9855354205387624,0.12998709839433525,-0.03090515161999891,-0.4773809445417924,627744.6,979589.8666666667,0.21010455526021252,0.13464002077604179,1.6160102678707855,,-0.5610000133514405,43.9,0.39179950854271717,0.0,98.9,-0.4988584758238124,0.0,17.8,ok,yahoo_chart
EZGO,260.0,2021-01-25,2026-10-01,0.8533999919891357,41774.0,35649.93126535416,5.68,1497000.0,-0.999999429926525,-0.04219975530653613,-0.47320988303876255,-0.9993931377834744,2541553.7,1461953.35,0.016436402661883554,0.028574099166707334,0.09904542834809653,,-0.9995288336828217,0.0,0.5741739092294029,0.0,100.0,-0.9993799091792994,0.0,37.1,ok,yahoo_chart
PRSO,260.0,2001-08-01,2026-09-01,0.4699999988079071,4808700.0,2260088.994267583,25.08,164800.0,-0.9999971480582597,-0.5104166569653896,-0.46590908936971476,-0.9976358149316248,45318760.0,17097538.983333334,0.1061083754277478,0.28125100370804923,0.42803561897678033,,-0.998289665139425,0.2,2.4042553785107375,0.0,100.0,-0.9981408228119694,0.0,39.4,ok,yahoo_chart
BGM,260.0,2021-01-11,2026-10-01,7.820000171661377,38441.0,300608.626598835,5.72,43.75,-0.8212571389334542,26.438597437857712,25.780822899288356,0.033025098326402394,1412297.7,899455.9,0.02721876556196332,0.042738059753679974,0.6436450117709995,,-0.3372881317577017,66.3,1.3511508902067833,0.0,47.8,-0.2303149321746065,70.0,69.9,ok,yahoo_chart
MSDL,142.0,2024-01-22,2026-10-01,13.710000038146973,798861.0,10952384.340474129,2.69,24.1299991607666,-0.43182757915556386,-0.10098360405593622,-0.09145129890566979,-0.2276056316536917,2196543.05,3321061.0166666666,0.3636901175235332,0.2405439093081804,0.5973618727951688,,-0.2454595497754483,75.5,0.12946758331625044,48.2,99.2,-0.24337751638167138,0.0,11.3,ok,yahoo_chart
ADTX,260.0,2020-06-29,2026-10-01,0.0032999999821186066,3324929.0,10972.265640545636,6.26,2855735918592.0,-0.9999999999999988,-0.5285714456773529,-0.9935922328664418,-0.9999998674494396,1338117236.45,446388048.71666664,0.002484781534404993,0.0074485170684092696,0.023295659540677353,,-0.999999885422394,0.0,1.8181817027286058,0.0,100.0,-0.9999998699984896,0.0,54.9,ok,yahoo_chart
CIIT,155.0,2013-11-01,2026-09-01,2.6500000953674316,1085000.0,2875250.1034736633,12.83,5124.0,-0.9994828258986402,-0.8256578862749637,-0.9905357139451163,-0.9838217335409324,2958606.8,986287.7333333333,0.36672666337412596,1.1000846541333849,10.38323927718933,,-0.9929633562070654,0.7,16.69433902544925,0.0,100.0,-0.9929633562070654,0.0,71.8,ok,yahoo_chart
AEHL,225.0,2008-01-01,2026-09-01,10.270000457763672,40135300.0,412189549.3724823,18.67,8948736.0,-0.9999988523518341,0.2585785110058226,-0.9777126720272878,-0.9999044828826473,7738271.7,2580565.316666667,5.186597415544352,15.55290995379378,4.7791685477970915,,-0.9999326327635799,0.0,8.886075343424885,0.0,100.0,-0.9999134472723018,30.0,99.7,ok,yahoo_chart
GOSS,260.0,2019-02-04,2026-10-01,10.930000305175781,351094.0,3837457.5271453857,7.66,2065.60009765625,-0.9947085593588141,-0.2192856924874442,-0.3494047141940123,-0.9302933667573469,1454053.55,829065.6166666667,0.2414587825874776,0.4234815591697135,0.6894855756358224,,-0.9646963821392132,3.5,0.43540710811054173,0.0,100.0,-0.962048610051473,0.0,35.7,ok,yahoo_chart
STEX,143.0,2014-11-01,2026-09-01,0.6430000066757202,23766100.0,15281602.458655834,11.83,93.9000015258789,-0.9931522897100432,-0.15947709973921995,-0.3757281315181732,-0.9784228180155099,25223420.0,10620759.166666666,0.9422235366972441,2.2377025622226787,0.4365540145927912,,-0.9843208965376109,1.6,1.606531853259484,0.0,99.7,-0.976360294535292,0.0,45.7,ok,yahoo_chart
LNKS,260.0,2024-12-05,2026-09-30,0.9879999756813049,16600.0,16400.799596309662,1.82,2397.5,-0.9995879040768796,-0.03137255474862033,0.1761904839620571,-0.3042253482107651,23255.0,149640.0,0.7138249838744356,0.11093290564020315,0.34388329810082896,,-0.36666665902504525,63.3,0.12145749769439214,51.4,99.9,-0.3186207288340625,0.0,14.2,ok,yahoo_chart
FCHL,260.0,2025-09-04,2026-09-30,0.9350000023841858,14800.0,13838.00003528595,1.07,3240.0,-0.9997114197523506,-0.08333331385469088,-0.11792447843683775,-0.31751824881032176,444105.0,237795.0,0.03332545231420497,0.06223848272671839,0.39164166923742894,,-0.4500000140246219,55.0,0.38502675228571065,0.0,100.0,-0.30223882157172105,0.0,12.4,ok,yahoo_chart
PTY,260.0,2003-01-01,2026-10-01,11.010000228881836,1931724.0,21268281.682136536,23.75,21.81999969482422,-0.49541703103261514,-0.07323231289379704,-0.25152955810129474,-0.3927192091267425,21165786.2,14508640.4,0.09126634757370837,0.13314300628748094,1.0422508417279965,,-0.4127999877929687,58.7,0.13623977918412256,45.5,75.4,-0.37549627039215977,0.0,21.5,ok,yahoo_chart
QH,260.0,2020-07-06,2026-10-01,3.6500000953674316,2339.0,8537.350223064423,6.24,114930.0,-0.9999682415374979,-0.0942928274584356,0.35185186329855983,-0.6411012715845004,2179441.95,8589113.583333334,0.0010732105069373376,0.00027232146569102205,0.010444536660328655,,-0.7150663562994132,28.5,0.4571779993872969,0.0,100.0,-0.6772767497836104,0.0,25.2,ok,yahoo_chart
CKX,260.0,1999-08-01,2026-09-01,10.479999542236328,75600.0,792287.9653930664,27.09,17.5,-0.40114288330078124,-0.08631217975105858,-0.07174494440686906,-0.07092200440364199,114355.0,103046.66666666667,0.6610992086047833,0.7336481852882188,1.5160531972802995,,-0.3648485125917377,63.5,0.22328237606146323,10.7,73.7,-0.2540925693974536,0.0,13.7,ok,yahoo_chart
CRF,157.0,1987-11-01,2026-10-01,6.059999942779541,1590506.0,9638466.268990517,38.92,149.41175842285156,-0.9594409435592808,-0.24907061066356828,-0.5537039673432052,-0.7633537565680028,58934861.2,29339604.216666665,0.026987524321173764,0.054210206390463055,1.0015416639875052,,-0.783874123302521,21.6,0.34818476511560037,0.0,100.0,-0.781428576440709,0.0,38.9,ok,yahoo_chart
ACP,189.0,2011-02-01,2026-10-01,4.420000076293945,1291089.0,5706613.478502274,15.66,18.590301513671875,-0.7622416143684737,-0.1753731406353766,-0.2694214980252637,-0.6088495573727505,12048609.45,8687058.15,0.10715668105583753,0.1486221201362627,0.6538700235886763,,-0.6163194530678012,38.4,0.23076922247063783,7.7,100.0,-0.5853658405664074,0.0,25.0,ok,yahoo_chart
BBBYW,183.0,2026-08-26,2026-10-01,0.4345000088214874,0.0,0.0,0.1,1.184999942779541,-0.6333333081836929,0.005787031367978302,-0.16458371295338095,-0.27919707957022166,30717.5,18183.183333333334,0.0,0.0,0.6366025144131316,,-0.3196053642314258,68.0,0.22991945965406946,8.0,96.2,-0.27583334740665166,0.0,13.9,ok,yahoo_chart
CLM,260.0,2002-09-01,2026-10-01,6.320000171661377,2288972.0,14466303.432928085,24.08,145.82676696777344,-0.9566609045576794,-0.17493468700308712,-0.18720001403113193,-0.5340261111300179,38793000.65,36579722.86666667,0.059004767912945656,0.0625748863200336,0.7188910345979304,,-0.5646698434532642,43.5,0.22943034333557089,8.2,100.0,-0.5506564165438436,0.0,20.4,ok,yahoo_chart
USA,161.0,1986-10-01,2026-10-01,5.769999980926514,1029110.0,5937964.6803712845,40.0,14.25,-0.5950877206367359,-0.08990538768815512,-0.3114558589345,0.3672986416581007,56369630.5,46197986.833333336,0.018256461695274017,0.022276078906050167,0.9804879690106741,,-0.3900634294229091,61.0,0.1854418887974423,25.8,74.8,-0.3617256631333244,0.0,22.3,ok,yahoo_chart
HYT,260.0,2003-06-01,2026-10-01,7.800000190734863,1281026.0,9992003.044336319,23.33,15.0,-0.47999998728434246,-0.09512757606852737,-0.21052630562886954,-0.3590796925360292,16915556.3,12422923.766666668,0.07573064564243742,0.10311791523966876,0.8211586716407258,,-0.374999961791893,62.5,0.1243590055524629,50.3,78.1,-0.36790923060895736,0.0,18.4,ok,yahoo_chart
WNW,260.0,2020-12-14,2026-10-01,2.380000114440918,25691.0,61144.58294010162,5.8,5458600.0,-0.9999995639907459,0.01709410330718167,-0.38974357532247944,-0.9859254877082383,3519124.55,2905112.6166666667,0.007300395207666066,0.008843374901410161,0.08695500954432137,,-0.9982396448857686,0.2,0.19747899412208073,21.0,100.0,-0.990165288783302,0.0,33.8,ok,yahoo_chart
BCSS,215.0,2025-11-20,2026-09-30,10.300000190734863,500.0,5150.000095367432,0.86,10.34000015258789,-0.0038684682072288143,-0.0009699542652596441,0.0019455698719061361,0.0043881107549259765,21015.0,33385.0,0.023792529145848205,0.014976785981728321,3.352236138888266,,-0.01717551138967462,98.3,0.008737878730220633,96.5,14.3,-0.0038684682072288143,0.0,20.2,ok,yahoo_chart
XLABW,,,,,,,,,,,,,,,,,,,,,,,,,,,insufficient_history,yahoo_chart
USDEW,260.0,2026-06-26,2026-10-01,4.699999809265137,0.0,0.0,0.27,6.024499893188477,-0.21985228772613455,0.01930161506222151,0.21134012129852095,0.3239436260269545,41152.65,68386.21666666666,0.0,0.0,0.1497764687909877,,-0.31884061676743247,68.1,0.08510640672344479,66.0,23.4,-0.21985228772613455,0.0,14.5,ok,yahoo_chart
NTWO,260.0,2024-12-27,2026-09-30,10.824999809265137,229100.0,2480007.456302643,1.76,11.649999618530273,-0.07081543659047913,-0.00733607754837219,-0.005055175054895439,0.008853706531380597,189790.0,314035.0,1.207123662995943,0.7295365166303119,0.49674191041001287,,-0.10831964554110529,89.2,0.010161719380116088,95.9,63.5,-0.07081543659047913,0.0,14.0,ok,yahoo_chart
FVN,260.0,2024-11-04,2026-09-30,9.270000457763672,6900.0,63963.003158569336,1.9,19.84000015258789,-0.5327620772949182,-0.004296451133207809,-0.1008729310887547,-0.15419704146908306,40070.0,88910.0,0.17219865235837284,0.0776065684399955,0.17633906080042402,,-0.5763641133949359,42.4,0.2470334248942934,1.2,96.6,-0.5327620772949182,0.0,7.7,ok,yahoo_chart
XRPN,260.0,2025-06-24,2026-09-30,16.399999618530273,2732700.0,44816278.95755768,1.27,16.399999618530273,0.0,0.5515610304663314,0.5604185786278596,0.5678775868757638,536840.0,211400.0,5.090343491543104,12.926679280983917,8.992190604320285,,-0.035294140086454505,96.5,0.3932926804447798,0.0,0.0,0.0,65.0,92.2,ok,yahoo_chart
IGR,260.0,2004-03-01,2026-10-01,11.5600004196167,500508.0,5785872.690021515,22.58,74.04000091552734,-0.8438681756256923,-0.17310437781548815,-0.27295593100867915,-0.5793303998477453,4816118.65,4151521.05,0.1039235194091408,0.12056014987567028,0.6421095639790572,,-0.6103808429426655,39.0,0.24307952975278138,2.8,95.5,-0.6064010865067979,0.0,24.3,ok,yahoo_chart
CCXI,162.0,2026-02-09,2026-09-30,11.619999885559082,3213900.0,37345517.632198334,0.64,19.100000381469727,-0.3916230547915343,-0.08647801559572367,-0.10957856584485276,-0.26733920951461526,2193705.0,2584250.0,1.465055693450122,1.2436490277643417,1.1244154465756322,,-0.3712121118292568,62.9,0.10671254589762873,57.3,83.0,-0.32441864127142966,0.0,19.9,ok,yahoo_chart
BPRE,199.0,2025-12-16,2026-10-01,12.619999885559082,931068.0,11750078.053447723,0.79,18.110000610351562,-0.30314746216266997,0.02601623494813136,0.03868315076421889,-0.06725793535638697,908768.4,901081.1333333333,1.0245382651949606,1.0332787643169683,1.1470762403371146,,-0.07883211231694065,92.1,0.029873205900175993,88.1,88.0,-0.05750563390744431,0.0,20.5,ok,yahoo_chart
NAD,260.0,1999-06-01,2026-10-01,10.170000076293945,2063950.0,20990371.65746689,27.33,16.309999465942383,-0.37645613676871276,-0.14752725765801256,-0.14966554817255348,-0.34932821485409665,16070817.5,15309190.833333334,0.12842843869019108,0.13481770672726062,0.9088315648117724,,-0.3702786181725332,63.0,0.24385452087571496,2.5,94.5,-0.3687151029802469,0.0,16.5,ok,yahoo_chart
NZF,260.0,2001-11-01,2026-10-01,10.880000114440918,1810638.0,19699741.647211075,24.91,17.489999771118164,-0.37793023117087543,-0.13719267163661333,-0.14195584758780572,-0.34967122461818256,11480126.9,11406397.3,0.15771933670872576,0.15873881580470636,1.0052216217530625,,-0.37757434786242733,62.2,0.2113970741307342,15.4,88.6,-0.3670738931691734,0.0,16.8,ok,yahoo_chart
NEA,260.0,2003-02-01,2026-10-01,10.079999923706055,3236475.0,32623667.753076553,23.66,15.90999984741211,-0.3664362023645369,-0.1265164681952507,-0.13103451791189397,-0.3359683978221547,20456143.75,19615904.583333332,0.15821530389861482,0.16499239105954222,0.9267181786947446,,-0.354673495674916,64.5,0.222222295808204,11.1,90.5,-0.3538461745373121,0.0,15.8,ok,yahoo_chart
CHW,231.0,2007-08-01,2026-10-01,7.980000019073486,260959.0,2082452.824977398,19.17,13.720000267028809,-0.41836735686874527,-0.1249999869288058,0.18397630416382144,-0.23121387947081917,3808302.95,3700489.316666667,0.06852369767483965,0.0705201333306556,1.0724033763002834,,-0.2549019616573061,74.5,0.15914792665766492,36.3,66.1,-0.19959881591340906,0.0,15.7,ok,yahoo_chart
PAXS,246.0,2022-01-24,2026-10-01,13.25,289560.0,3836670.0,4.68,20.0,-0.3375,-0.06952245695439548,-0.05626780370366622,-0.1490044791455862,998813.0,976616.0,0.28990411618591266,0.2964931969167001,1.383833907195112,,-0.19987920124935946,80.0,0.09932075356537441,60.3,92.1,-0.19207315193904673,0.0,12.0,ok,yahoo_chart
NTWOW,101.0,2025-12-15,2026-10-01,0.949999988079071,48406.0,45985.69942295551,0.79,1.659999966621399,-0.4277108390474201,-0.07766988886684739,-0.1810344694698321,4.277777501830359,42255.4,95991.9,1.145557727533049,0.5042717145925855,0.3897140514564516,,-0.5103092989387915,49.0,0.2735789232954091,0.0,47.1,-0.4277108390474201,0.0,35.4,ok,yahoo_chart
GOF,231.0,2007-08-01,2026-10-01,8.579999923706055,2232936.0,19158590.709640503,19.17,23.350000381469727,-0.6325481891419994,-0.23392856519441205,-0.4541984874070403,-0.5503144676093115,31389921.8,19367120.6,0.07113544322369099,0.11529519777968439,1.0114970810309176,,-0.564908710828624,43.5,0.3240094069190517,0.0,99.5,-0.5519582196020663,0.0,31.5,ok,yahoo_chart
JPC,260.0,2003-04-01,2026-10-01,6.889999866485596,2516423.0,17338154.134021282,23.5,15.670000076293945,-0.5603063284658819,-0.13442213147406779,-0.13875001668930054,-0.30961922018869376,21296176.15,15370345.383333333,0.11816313793967187,0.16371935289942516,0.9439464264619719,,-0.3103103078735697,69.0,0.19883888419549162,20.5,69.4,-0.2940574072840001,0.0,15.6,ok,yahoo_chart
NVG,260.0,2002-10-01,2026-10-01,10.609999656677246,1803861.0,19138964.590693474,24.0,18.190000534057617,-0.4167125153838306,-0.16258882456291684,-0.17815648473426687,-0.38635054396388724,11685383.05,12002826.016666668,0.1543690088961183,0.15028635735411205,0.893110157750968,,-0.4092427506942282,59.1,0.2412818569702404,3.5,92.9,-0.40825435158445034,0.0,18.3,ok,yahoo_chart
NUV,159.0,1987-06-01,2026-10-01,8.25,1733599.0,14302191.75,39.33,11.875,-0.30526315789473685,-0.09240925615922521,-0.1649797667571338,-0.18639056009177846,29099159.95,23731029.983333334,0.059575568606749424,0.07305199147350676,0.8738530326142167,,-0.3107769577311953,68.9,0.15030300255977747,39.9,95.1,-0.299065447821782,0.0,13.4,ok,yahoo_chart
RFAIR,,,,,,,,,,,,,,,,,,,,,,,,,,,insufficient_history,yahoo_chart
BEAGR,,,,,,,,,,,,,,,,,,,,,,,,,,,insufficient_history,yahoo_chart
COLAR,,,,,,,,,,,,,,,,,,,,,,,,,,,insufficient_history,yahoo_chart
RTACW,260.0,2025-06-09,2026-10-01,0.5,16816.0,8408.0,1.31,2.5399999618530273,-0.8031496033428163,-0.11971833868008666,-0.29577462660417303,-0.39024389712034696,31340.8,20298.6,0.5365529916275271,0.8284315174445529,0.3267528001898562,,-0.4444444297272478,55.6,0.22200006246566772,11.2,96.3,-0.4444444297272478,0.0,23.6,ok,yahoo_chart
FJDIR,35.0,2026-09-24,2026-10-01,0.1525000035762787,0.0,0.0,0.02,0.16509999334812164,-0.07631732452753795,-0.046874956344253337,-0.046874956344253337,,31052.15,,0.0,,0.2508049824502796,,-0.07631732452753795,92.4,0.07409834297137159,70.4,89.4,-0.07631732452753795,0.0,10.6,ok,yahoo_chart
LWACW,44.0,2026-07-17,2026-09-25,0.13490000367164612,503.0,67.854701846838,0.19,0.3100000023841858,-0.5648387011801912,-0.1902761070618891,-0.2546960887496723,,11851.2,,0.04244295936276495,,6.3478613669714115,,-0.5648387011801912,43.5,0.23721278261117382,5.1,92.9,-0.5648387011801912,0.0,20.9,ok,yahoo_chart
TVACW,,,,,,,,,,,,,,,,,,,,,,,,,,,insufficient_history,yahoo_chart
BCCQW,51.0,2026-09-02,2026-10-01,0.8650000095367432,0.0,0.0,0.08,1.100000023841858,-0.21363637201056976,-0.038888852831757144,-0.08937779186966016,,8347.7,,0.0,,1.0809873232099751,,-0.21363637201056976,78.6,0.05780341244511894,76.9,94.0,-0.21363637201056976,0.0,7.5,ok,yahoo_chart
MESHW,,,,,,,,,,,,,,,,,,,,,,,,,,,insufficient_history,yahoo_chart
KFIIR,,,,,,,,,,,,,,,,,,,,,,,,,,,insufficient_history,yahoo_chart
OCLTR,,,,,,,,,,,,,,,,,,,,,,,,,,,insufficient_history,yahoo_chart
BREZR,,,,,,,,,,,,,,,,,,,,,,,,,,,insufficient_history,yahoo_chart
APURR,,,,,,,,,,,,,,,,,,,,,,,,,,,insufficient_history,yahoo_chart
DMAAR,,,,,,,,,,,,,,,,,,,,,,,,,,,insufficient_history,yahoo_chart
PAACW,,,,,,,,,,,,,,,,,,,,,,,,,,,insufficient_history,yahoo_chart
ALISR,,,,,,,,,,,,,,,,,,,,,,,,,,,insufficient_history,yahoo_chart
NMPAR,,,,,,,,,,,,,,,,,,,,,,,,,,,insufficient_history,yahoo_chart
IPFXW,,,,,,,,,,,,,,,,,,,,,,,,,,,insufficient_history,yahoo_chart
AXINR,,,,,,,,,,,,,,,,,,,,,,,,,,,insufficient_history,yahoo_chart
MKLYR,,,,,,,,,,,,,,,,,,,,,,,,,,,insufficient_history,yahoo_chart
