ticker,company_name,price,market_cap,volume,avg_volume,dollar_volume,sector,industry,ten_bagger_prescreen_score,prescreen_data_quality_score,prescreen_reason
IPW,iPower Inc. Common Stock,1.22,1540352.0,125692.0,,153344.24,Consumer Discretionary,RETAIL: Building Materials,188.4,93.0,tiny market cap; low nominal price; enough dollar volume to research; narrative hook; constraint exposure; price present; market_cap present; dollar_volume present; company_name present; sector present; industry present; volume present
CDT,CDT Equity Inc. Common Stock,0.9177,1031967.0,352802.0,,323766.3954,Health Care,Biotechnology: Pharmaceutical Preparations,181.6,93.0,tiny market cap; sub-dollar risk context; enough dollar volume to research; narrative hook; price present; market_cap present; dollar_volume present; company_name present; sector present; industry present; volume present
JOB,GEE Group Inc.,0.3,40000000.0,350000.0,300000.0,105000.0,Industrials,Staffing & Employment Services,181.3,99.0,seed ticker; tiny market cap; sub-dollar risk context; enough dollar volume to research; price present; market_cap present; dollar_volume present; company_name present; sector present; industry present; volume present; avg_volume present
CSAI,Cloudastructure Inc. Class A Common Stock,2.65,2347153.0,29067.0,,77027.55,Technology,Computer Software: Programming Data Processing,178.0,93.0,tiny market cap; low nominal price; enough dollar volume to research; narrative hook; price present; market_cap present; dollar_volume present; company_name present; sector present; industry present; volume present
KITT,Nauticus Robotics Inc. Common stock,1.48,1843084.0,225176.0,,333260.48,Industrials,Industrial Machinery/Components,177.5,93.0,tiny market cap; low nominal price; enough dollar volume to research; price present; market_cap present; dollar_volume present; company_name present; sector present; industry present; volume present
VBIO,Valion Bio Inc. Common Stock,2.48,3188350.0,311407.0,,772289.36,Health Care,Biotechnology: Electromedical & Electrotherapeutic Apparatus,175.3,93.0,tiny market cap; low nominal price; enough dollar volume to research; narrative hook; price present; market_cap present; dollar_volume present; company_name present; sector present; industry present; volume present
CDIO,Cardio Diagnostics Holdings Inc. Common stock,2.06,6096506.0,39154.0,,80657.24,Health Care,Biotechnology: In Vitro & In Vivo Diagnostic Substances,174.0,93.0,tiny market cap; low nominal price; enough dollar volume to research; narrative hook; price present; market_cap present; dollar_volume present; company_name present; sector present; industry present; volume present
YYAI,AiRWA Inc. Common Stock,0.9167,4200243.0,242060.0,,221896.402,Technology,Computer Software: Programming Data Processing,171.8,93.0,tiny market cap; sub-dollar risk context; enough dollar volume to research; narrative hook; price present; market_cap present; dollar_volume present; company_name present; sector present; industry present; volume present
CTNT,Cheetah Net Supply Chain Service Inc Class A Common Stock,3.13,4173533.0,1766158.0,,5528074.54,Consumer Discretionary,Motor Vehicles,171.7,93.0,tiny market cap; low nominal price; enough dollar volume to research; narrative hook; price present; market_cap present; dollar_volume present; company_name present; sector present; industry present; volume present
GCTK,GlucoTrack Inc. Common Stock,1.11,941978.0,238354.0,,264572.94,Health Care,Medical/Dental Instruments,169.4,93.0,tiny market cap; low nominal price; enough dollar volume to research; price present; market_cap present; dollar_volume present; company_name present; sector present; industry present; volume present
APUS,Apimeds Pharmaceuticals US Inc. Common Stock,4.59,7080644.0,33787826.0,,155086121.34,Health Care,Biotechnology: Pharmaceutical Preparations,169.3,93.0,tiny market cap; low nominal price; enough dollar volume to research; narrative hook; price present; market_cap present; dollar_volume present; company_name present; sector present; industry present; volume present
MSS,Maison Solutions Inc. Class A Common Stock,1.63,1394203.0,88347.0,,144005.61,Consumer Staples,Food Chains,167.7,93.0,tiny market cap; low nominal price; enough dollar volume to research; narrative hook; constraint exposure; price present; market_cap present; dollar_volume present; company_name present; sector present; industry present; volume present
TPET,Trio Petroleum Corp. Common Stock,1.55,8252056.0,106803.0,,165544.65,Energy,Oil & Gas Production,167.6,93.0,tiny market cap; low nominal price; enough dollar volume to research; constraint exposure; price present; market_cap present; dollar_volume present; company_name present; sector present; industry present; volume present
QSI,Quantum-Si Incorporated Class A Common Stock,1.28,280171407.0,19185138.0,,24556976.64,Industrials,Industrial Machinery/Components,167.3,93.0,small market cap; low nominal price; enough dollar volume to research; narrative hook; price present; market_cap present; dollar_volume present; company_name present; sector present; industry present; volume present
AIFF,Firefly Neuroscience Inc. Common Stock,1.3,20397411.0,298444.0,,387977.2,Technology,Computer Software: Prepackaged Software,165.7,93.0,tiny market cap; low nominal price; enough dollar volume to research; narrative hook; price present; market_cap present; dollar_volume present; company_name present; sector present; industry present; volume present
CRMT,America's Car-Mart Inc Common Stock,0.9833,8199225.0,342907.0,,337180.4531,Consumer Discretionary,Retail-Auto Dealers and Gas Stations,164.6,92.3,tiny market cap; sub-dollar risk context; enough dollar volume to research; narrative hook; constraint exposure; price present; market_cap present; dollar_volume present; company_name present; sector present; industry present; volume present
SMTK,SmartKem Inc. Common Stock,1.22,1263675.0,502227.0,,612716.94,Technology,Semiconductors,163.7,93.0,tiny market cap; low nominal price; enough dollar volume to research; price present; market_cap present; dollar_volume present; company_name present; sector present; industry present; volume present
POCI,Precision Optics Corporation Inc. Common stock,4.46,48938652.0,34425.0,,153535.5,Health Care,Biotechnology: Electromedical & Electrotherapeutic Apparatus,163.3,93.0,tiny market cap; low nominal price; enough dollar volume to research; narrative hook; price present; market_cap present; dollar_volume present; company_name present; sector present; industry present; volume present
IMDX,Insight Molecular Diagnostics Inc. Common Stock,3.67,120098122.0,408375.0,,1498736.25,Health Care,Biotechnology: In Vitro & In Vivo Diagnostic Substances,162.6,93.0,small market cap; low nominal price; enough dollar volume to research; narrative hook; price present; market_cap present; dollar_volume present; company_name present; sector present; industry present; volume present
BATL,Battalion Oil Corporation Common Stock,1.05,60146263.0,2295286.0,,2410050.3000000003,Energy,Oil & Gas Production,162.4,93.0,small market cap; low nominal price; enough dollar volume to research; constraint exposure; price present; market_cap present; dollar_volume present; company_name present; sector present; industry present; volume present
GXAI,Gaxos.ai Inc. Common Stock,0.487,5382464.0,257363.0,,125335.781,Technology,Computer Software: Prepackaged Software,162.2,93.0,tiny market cap; sub-dollar risk context; enough dollar volume to research; narrative hook; price present; market_cap present; dollar_volume present; company_name present; sector present; industry present; volume present
VNRX,VolitionRX Limited Common Stock,0.232,6974075.0,716939.0,,166329.848,Health Care,Biotechnology: In Vitro & In Vivo Diagnostic Substances,161.8,93.0,tiny market cap; sub-dollar risk context; enough dollar volume to research; narrative hook; price present; market_cap present; dollar_volume present; company_name present; sector present; industry present; volume present
GMEX,GMEX ROBOTICS CORPORATION Class A Ordinary Shares,2.31,1738337.0,60075.0,,138773.25,Consumer Discretionary,Recreational Games/Products/Toys,161.4,93.0,tiny market cap; low nominal price; enough dollar volume to research; price present; market_cap present; dollar_volume present; company_name present; sector present; industry present; volume present
DCOY,Decoy Therapeutics Inc. Common Stock,1.67,3072164.0,108031.0,,180411.77,Health Care,Biotechnology: Pharmaceutical Preparations,160.8,93.0,tiny market cap; low nominal price; enough dollar volume to research; narrative hook; price present; market_cap present; dollar_volume present; company_name present; sector present; industry present; volume present
NUWE,Nuwellis Inc. Common Stock,0.694,2531201.0,174761.0,,121284.13399999999,Health Care,Biotechnology: Electromedical & Electrotherapeutic Apparatus,160.6,93.0,tiny market cap; sub-dollar risk context; enough dollar volume to research; narrative hook; price present; market_cap present; dollar_volume present; company_name present; sector present; industry present; volume present
ADIL,Adial Pharmaceuticals Inc Common Stock,4.35,11422622.0,60033.0,,261143.55,Health Care,Biotechnology: Pharmaceutical Preparations,160.3,93.0,tiny market cap; low nominal price; enough dollar volume to research; narrative hook; price present; market_cap present; dollar_volume present; company_name present; sector present; industry present; volume present
XAIR,Beyond Air Inc. Common Stock,2.84,2719672.0,43109.0,,122429.56,Health Care,Medical/Dental Instruments,160.2,93.0,tiny market cap; low nominal price; enough dollar volume to research; narrative hook; price present; market_cap present; dollar_volume present; company_name present; sector present; industry present; volume present
MXC,Mexco Energy Corporation Common Stock,9.73,19907580.0,32616.0,,317353.68,Energy,Oil & Gas Production,159.9,93.0,tiny market cap; within 10-bagger price band; enough dollar volume to research; constraint exposure; price present; market_cap present; dollar_volume present; company_name present; sector present; industry present; volume present
SBFM,Sunshine Biopharma Inc. Common Stock,0.4201,1810757.0,2130352.0,,894960.8751999999,Health Care,Biotechnology: Pharmaceutical Preparations,159.6,93.0,tiny market cap; sub-dollar risk context; enough dollar volume to research; narrative hook; price present; market_cap present; dollar_volume present; company_name present; sector present; industry present; volume present
CXAI,CXApp Inc. Class A Common Stock,2.09,4885179.0,158085.0,,330397.64999999997,Technology,EDP Services,159.5,91.75,tiny market cap; low nominal price; enough dollar volume to research; narrative hook; price present; market_cap present; dollar_volume present; company_name present; sector present; industry present; volume present
MI,NFT Limited Class A Ordinary Share,7.0,3575103.0,166953867.0,,1168677069.0,Finance,Finance: Consumer Services,159.2,93.0,tiny market cap; within 10-bagger price band; enough dollar volume to research; price present; market_cap present; dollar_volume present; company_name present; sector present; industry present; volume present
ELTK,Eltek Ltd.,4.8,70000000.0,90000.0,110000.0,432000.0,Technology,Electronic Components,158.9,99.0,seed ticker; small market cap; low nominal price; enough dollar volume to research; narrative hook; price present; market_cap present; dollar_volume present; company_name present; sector present; industry present; volume present; avg_volume present
NXL,Nexalin Technology Inc. Common Stock,5.43,4503642.0,330348.0,,1793789.64,Health Care,Biotechnology: Electromedical & Electrotherapeutic Apparatus,158.6,93.0,tiny market cap; within 10-bagger price band; enough dollar volume to research; narrative hook; price present; market_cap present; dollar_volume present; company_name present; sector present; industry present; volume present
GOVX,GeoVax Labs Inc. Common Stock,0.3199,3231908.0,11583770.0,,3705648.023,Health Care,Biotechnology: Pharmaceutical Preparations,158.4,93.0,tiny market cap; sub-dollar risk context; enough dollar volume to research; narrative hook; price present; market_cap present; dollar_volume present; company_name present; sector present; industry present; volume present
DFLI,Dragonfly Energy Holdings Corp. Common Stock (NV),0.71,10634950.0,913047.0,,648263.37,Miscellaneous,Industrial Machinery/Components,158.4,93.0,tiny market cap; sub-dollar risk context; enough dollar volume to research; constraint exposure; price present; market_cap present; dollar_volume present; company_name present; sector present; industry present; volume present
KUST,Kustom Entertainment Inc. Common Stock,4.51,2934594.0,26020.0,,117350.2,Technology,Radio And Television Broadcasting And Communications Equipment,158.4,93.0,tiny market cap; low nominal price; enough dollar volume to research; narrative hook; price present; market_cap present; dollar_volume present; company_name present; sector present; industry present; volume present
MTNB,Matinas Biopharma Holdings Inc. Common Stock,2.82,2762246.0,183982.0,,518829.24,Health Care,Biotechnology: Pharmaceutical Preparations,157.9,93.0,tiny market cap; low nominal price; enough dollar volume to research; narrative hook; price present; market_cap present; dollar_volume present; company_name present; sector present; industry present; volume present
OLOX,Olenox Industries Inc. Common Stock,0.88,1460225.0,53730947.0,,47283233.36,Consumer Discretionary,RETAIL: Building Materials,157.8,92.35,tiny market cap; sub-dollar risk context; enough dollar volume to research; narrative hook; constraint exposure; price present; market_cap present; dollar_volume present; company_name present; sector present; industry present; volume present
HCWB,HCW Biologics Inc. Common Stock,1.64,3667571.0,83297.0,,136607.08,Health Care,Biotechnology: Pharmaceutical Preparations,157.0,93.0,tiny market cap; low nominal price; enough dollar volume to research; narrative hook; price present; market_cap present; dollar_volume present; company_name present; sector present; industry present; volume present
CISS,C3is Inc. Common Stock,0.863,1284118.0,447483.0,,386177.82899999997,Consumer Discretionary,Marine Transportation,156.8,93.0,tiny market cap; sub-dollar risk context; enough dollar volume to research; price present; market_cap present; dollar_volume present; company_name present; sector present; industry present; volume present
IRIX,IRIDEX Corporation Common Stock,0.69,12119789.0,136445.0,,94147.04999999999,Health Care,Biotechnology: Electromedical & Electrotherapeutic Apparatus,156.8,93.0,tiny market cap; sub-dollar risk context; enough dollar volume to research; narrative hook; price present; market_cap present; dollar_volume present; company_name present; sector present; industry present; volume present
APVO,Aptevo Therapeutics Inc. Common Stock,1.8,3243546.0,28296.0,,50932.8,Health Care,Biotechnology: Pharmaceutical Preparations,156.8,93.0,tiny market cap; low nominal price; enough dollar volume to research; narrative hook; price present; market_cap present; dollar_volume present; company_name present; sector present; industry present; volume present
LCTX,Lineage Cell Therapeutics Inc.,1.0,180000000.0,600000.0,650000.0,600000.0,Healthcare,Biotechnology,156.1,99.0,seed ticker; small market cap; low nominal price; enough dollar volume to research; narrative hook; price present; market_cap present; dollar_volume present; company_name present; sector present; industry present; volume present; avg_volume present
IDAI,T Stamp Inc. Class A Common Stock,3.25,18327696.0,17351.0,,56390.75,Technology,Computer Software: Prepackaged Software,156.1,93.0,tiny market cap; low nominal price; enough dollar volume to research; narrative hook; price present; market_cap present; dollar_volume present; company_name present; sector present; industry present; volume present
PBM,Psyence Biomedical Ltd. Common Shares,5.08,19376786.0,145564.0,,739465.12,Health Care,Biotechnology: Pharmaceutical Preparations,156.1,88.25,tiny market cap; within 10-bagger price band; enough dollar volume to research; narrative hook; price present; market_cap present; dollar_volume present; company_name present; sector present; industry present; volume present
USEG,U.S. Energy Corp.,1.5,40000000.0,200000.0,180000.0,300000.0,Energy,Oil & Gas E&P,155.9,85.25,seed ticker; tiny market cap; low nominal price; enough dollar volume to research; constraint exposure; price present; market_cap present; dollar_volume present; company_name present; sector present; industry present; volume present; avg_volume present
RGNT,Regentis Biomaterials Ltd. Ordinary Shares,1.67,11729948.0,109906.0,,183543.02,Health Care,Industrial Specialties,155.6,93.0,tiny market cap; low nominal price; enough dollar volume to research; constraint exposure; price present; market_cap present; dollar_volume present; company_name present; sector present; industry present; volume present
FBLG,FibroBiologics Inc. Common Stock,1.18,7856668.0,94270.0,,111238.59999999999,Health Care,Biotechnology: Pharmaceutical Preparations,155.5,93.0,tiny market cap; low nominal price; enough dollar volume to research; narrative hook; price present; market_cap present; dollar_volume present; company_name present; sector present; industry present; volume present
GBR,New Concept Energy Inc Common Stock,0.718,5120729.0,118848.0,,85332.864,Energy,Oil & Gas Production,155.2,93.0,tiny market cap; sub-dollar risk context; enough dollar volume to research; constraint exposure; price present; market_cap present; dollar_volume present; company_name present; sector present; industry present; volume present
HBIO,Harvard Bioscience Inc. Common Stock,8.5,38694593.0,22983.0,,195355.5,Industrials,Biotechnology: Laboratory Analytical Instruments,155.1,93.0,tiny market cap; within 10-bagger price band; enough dollar volume to research; narrative hook; price present; market_cap present; dollar_volume present; company_name present; sector present; industry present; volume present
TRUG,TruGolf Holdings Inc. Class A Common Stock,2.56,3174400.0,112146.0,,287093.76,Consumer Discretionary,Recreational Games/Products/Toys,154.9,93.0,tiny market cap; low nominal price; enough dollar volume to research; price present; market_cap present; dollar_volume present; company_name present; sector present; industry present; volume present
ISPC,iSpecimen Inc. Common Stock,1.05,2644520.0,126106.0,,132411.30000000002,Health Care,Biotechnology: Commercial Physical & Biological Resarch,154.8,93.0,tiny market cap; low nominal price; enough dollar volume to research; narrative hook; price present; market_cap present; dollar_volume present; company_name present; sector present; industry present; volume present
LHAI,Linkhome Holdings Inc. Common stock,1.03,17025900.0,90314.0,,93023.42,Finance,Real Estate,154.7,93.0,tiny market cap; low nominal price; enough dollar volume to research; narrative hook; price present; market_cap present; dollar_volume present; company_name present; sector present; industry present; volume present
RMTI,Rockwell Medical Inc. Common Stock,8.23,33170727.0,10097.0,,83098.31,Health Care,Biotechnology: Pharmaceutical Preparations,154.6,93.0,tiny market cap; within 10-bagger price band; enough dollar volume to research; narrative hook; price present; market_cap present; dollar_volume present; company_name present; sector present; industry present; volume present
EAF,GrafTech International Ltd. Common Stock,8.82,230132886.0,375284.0,,3310004.88,Energy,Industrial Machinery/Components,154.6,93.0,small market cap; within 10-bagger price band; enough dollar volume to research; constraint exposure; price present; market_cap present; dollar_volume present; company_name present; sector present; industry present; volume present
EPM,Evolution Petroleum Corporation Inc. Common Stock,3.56,143013125.0,346182.0,,1232407.92,Energy,Oil & Gas Production,153.5,93.0,small market cap; low nominal price; enough dollar volume to research; narrative hook; constraint exposure; price present; market_cap present; dollar_volume present; company_name present; sector present; industry present; volume present
SUNE,SUNation Energy Inc. Common Stock,2.27,14784755.0,95880.0,,217647.6,Consumer Discretionary,Engineering & Construction,153.4,93.0,tiny market cap; low nominal price; enough dollar volume to research; constraint exposure; price present; market_cap present; dollar_volume present; company_name present; sector present; industry present; volume present
IPST,IP Strategy Holdings Inc. Common Stock,3.14,2265755.0,47792.0,,150066.88,Consumer Staples,Beverages (Production/Distribution),153.3,93.0,tiny market cap; low nominal price; enough dollar volume to research; narrative hook; price present; market_cap present; dollar_volume present; company_name present; sector present; industry present; volume present
ELAB,PMGC Holdings Inc. Common Stock,3.27,2647323.0,41563.0,,135911.01,Health Care,Biotechnology: Pharmaceutical Preparations,153.1,93.0,tiny market cap; low nominal price; enough dollar volume to research; narrative hook; price present; market_cap present; dollar_volume present; company_name present; sector present; industry present; volume present
BIAF,bioAffinity Technologies Inc. Common Stock,6.19,7221409.0,106524.0,,659383.56,Health Care,Biotechnology: Commercial Physical & Biological Resarch,153.0,93.0,tiny market cap; within 10-bagger price band; enough dollar volume to research; narrative hook; price present; market_cap present; dollar_volume present; company_name present; sector present; industry present; volume present
MOBX,Mobix Labs Inc. Class A Common Stock,0.6501,11670624.0,5555260.0,,3611474.526,Technology,Semiconductors,152.9,93.0,tiny market cap; sub-dollar risk context; enough dollar volume to research; price present; market_cap present; dollar_volume present; company_name present; sector present; industry present; volume present
RBNE,Robin Energy Ltd. Common Stock,2.16,2877762.0,45009.0,,97219.44,Consumer Discretionary,Marine Transportation,152.6,93.0,tiny market cap; low nominal price; enough dollar volume to research; constraint exposure; price present; market_cap present; dollar_volume present; company_name present; sector present; industry present; volume present
DCX,Digital Currency X Technology Inc. Class A Ordinary Shares,3.38,7930099.0,84024.0,,284001.12,Industrials,Auto Manufacturing,152.6,93.0,tiny market cap; low nominal price; enough dollar volume to research; price present; market_cap present; dollar_volume present; company_name present; sector present; industry present; volume present
GRCE,Grace Therapeutics Inc. Common Stock,2.06,43334016.0,80056.0,,164915.36000000002,Health Care,Biotechnology: Pharmaceutical Preparations,152.0,93.0,tiny market cap; low nominal price; enough dollar volume to research; narrative hook; price present; market_cap present; dollar_volume present; company_name present; sector present; industry present; volume present
MDCX,Medicus Pharma Ltd. Common Stock  ,0.167,11975574.0,1712116.0,,285923.37200000003,Health Care,Biotechnology: Pharmaceutical Preparations,151.9,93.0,tiny market cap; sub-dollar risk context; enough dollar volume to research; narrative hook; price present; market_cap present; dollar_volume present; company_name present; sector present; industry present; volume present
AISP,Airship AI Holdings Inc. Class A Common Stock,2.02,69567915.0,2450426.0,,4949860.5200000005,Technology,Computer Software: Prepackaged Software,151.7,93.0,small market cap; low nominal price; enough dollar volume to research; narrative hook; price present; market_cap present; dollar_volume present; company_name present; sector present; industry present; volume present
AIM,AIM ImmunoTech Inc. Common Stock,0.19,7580020.0,1126407.0,,214017.33000000002,Health Care,Biotechnology: Biological Products (No Diagnostic Substances),151.4,93.0,tiny market cap; sub-dollar risk context; enough dollar volume to research; narrative hook; price present; market_cap present; dollar_volume present; company_name present; sector present; industry present; volume present
ARTL,Artelo Biosciences Inc. Common Stock,3.51,1922687.0,53399.0,,187430.49,Health Care,Biotechnology: Pharmaceutical Preparations,151.3,93.0,tiny market cap; low nominal price; enough dollar volume to research; narrative hook; price present; market_cap present; dollar_volume present; company_name present; sector present; industry present; volume present
ERNA,Ernexa Therapeutics Inc. Common Stock,2.7,4407510.0,21579.0,,58263.3,Health Care,Biotechnology: Pharmaceutical Preparations,150.5,93.0,tiny market cap; low nominal price; enough dollar volume to research; narrative hook; price present; market_cap present; dollar_volume present; company_name present; sector present; industry present; volume present
CAPS,Capstone Holding Corp. Common Stock,0.1429,3770291.0,766388.0,,109516.8452,Health Care,Biotechnology: Pharmaceutical Preparations,150.2,92.35,tiny market cap; sub-dollar risk context; enough dollar volume to research; narrative hook; price present; market_cap present; dollar_volume present; company_name present; sector present; industry present; volume present
PDYN,Palladyne AI Corp. Common Stock,5.12,252613171.0,1246682.0,,6383011.84,Technology,Computer Software: Prepackaged Software,149.8,93.0,small market cap; within 10-bagger price band; enough dollar volume to research; narrative hook; price present; market_cap present; dollar_volume present; company_name present; sector present; industry present; volume present
RVSN,Rail Vision Ltd. Ordinary Share,3.68,8067244.0,25087.0,,92320.16,Industrials,Railroads,149.5,93.0,tiny market cap; low nominal price; enough dollar volume to research; narrative hook; price present; market_cap present; dollar_volume present; company_name present; sector present; industry present; volume present
PED,Pedevco Corp. Common Stock,12.93,171865728.0,7514.0,,97156.02,Energy,Oil & Gas Production,149.5,93.0,small market cap; within 10-bagger price band; enough dollar volume to research; narrative hook; constraint exposure; price present; market_cap present; dollar_volume present; company_name present; sector present; industry present; volume present
SEGG,Sports Entertainment Gaming Global Corporation Common Stock,2.2,7170871.0,33931.0,,74648.20000000001,Technology,Computer Software: Prepackaged Software,149.2,93.0,tiny market cap; low nominal price; enough dollar volume to research; narrative hook; price present; market_cap present; dollar_volume present; company_name present; sector present; industry present; volume present
CVKD,Cadrenal Therapeutics Inc. Common Stock,0.9458,3374229.0,63365.0,,59930.617,Health Care,Biotechnology: Pharmaceutical Preparations,148.9,93.0,tiny market cap; sub-dollar risk context; enough dollar volume to research; narrative hook; price present; market_cap present; dollar_volume present; company_name present; sector present; industry present; volume present
RAVE,Rave Restaurant Group Inc.,2.0,30000000.0,120000.0,140000.0,240000.0,Consumer Cyclical,Restaurants,148.2,98.35,seed ticker; tiny market cap; low nominal price; enough dollar volume to research; price present; market_cap present; dollar_volume present; company_name present; sector present; industry present; volume present; avg_volume present
ASBP,Aspire-Lakewood Holdings Inc. Common Stock,8.88,12454706.0,20298.0,,180246.24000000002,Health Care,Biotechnology: Pharmaceutical Preparations,148.2,93.0,tiny market cap; within 10-bagger price band; enough dollar volume to research; narrative hook; price present; market_cap present; dollar_volume present; company_name present; sector present; industry present; volume present
GNPX,Genprex Inc. Common Stock,2.72,2229608.0,151746.0,,412749.12000000005,Health Care,Biotechnology: Pharmaceutical Preparations,148.0,93.0,tiny market cap; low nominal price; enough dollar volume to research; narrative hook; price present; market_cap present; dollar_volume present; company_name present; sector present; industry present; volume present
XXII,22nd Century Group Inc. Common Stock,0.9119,651091.0,64618.0,,58925.154200000004,Health Care, Medicinal Chemicals and Botanical Products ,147.9,93.0,tiny market cap; sub-dollar risk context; enough dollar volume to research; price present; market_cap present; dollar_volume present; company_name present; sector present; industry present; volume present
BTTC,Black Titan Corporation Ordinary Shares,0.625,8561689.0,32654514.0,,20409071.25,Health Care,Biotechnology: Biological Products (No Diagnostic Substances),147.9,92.9,tiny market cap; sub-dollar risk context; enough dollar volume to research; narrative hook; price present; market_cap present; dollar_volume present; company_name present; sector present; industry present; volume present
WOK,WORK Medical Technology Group LTD Class A Ordinary Shares,1.465,6545002.0,149577.0,,219130.30500000002,Health Care,Medical/Dental Instruments,147.8,93.0,tiny market cap; low nominal price; enough dollar volume to research; price present; market_cap present; dollar_volume present; company_name present; sector present; industry present; volume present
CMND,Clearmind Medicine Inc. Common Shares,6.0,3044424.0,92654.0,,555924.0,Health Care,Biotechnology: Pharmaceutical Preparations,147.8,88.25,tiny market cap; within 10-bagger price band; enough dollar volume to research; narrative hook; price present; market_cap present; dollar_volume present; company_name present; sector present; industry present; volume present
CETX,Cemtrex Inc. Common Stock,1.95,3524036.0,41104.0,,80152.8,Technology,Electrical Products,147.7,93.0,tiny market cap; low nominal price; enough dollar volume to research; price present; market_cap present; dollar_volume present; company_name present; sector present; industry present; volume present
ELBM,Electra Battery Materials Corporation Common Stock,0.5097,54436030.0,540046.0,,275261.4462,Miscellaneous,Industrial Machinery/Components,147.6,88.25,small market cap; sub-dollar risk context; enough dollar volume to research; narrative hook; constraint exposure; price present; market_cap present; dollar_volume present; company_name present; sector present; industry present; volume present
AIIO,Robo.ai Inc. Class B Ordinary Shares,1.11,132129489.0,527042.0,,585016.62,Industrials,Auto Manufacturing,147.5,93.0,small market cap; low nominal price; enough dollar volume to research; narrative hook; price present; market_cap present; dollar_volume present; company_name present; sector present; industry present; volume present
MTVA,MetaVia Inc. Common Stock,1.54,10145676.0,53618.0,,82571.72,Health Care,Biotechnology: Pharmaceutical Preparations,147.2,93.0,tiny market cap; low nominal price; enough dollar volume to research; narrative hook; price present; market_cap present; dollar_volume present; company_name present; sector present; industry present; volume present
AUUD,Auddia Inc. Common Stock,1.33,7718057.0,699199.0,,929934.67,Technology,EDP Services,146.5,93.0,tiny market cap; low nominal price; enough dollar volume to research; price present; market_cap present; dollar_volume present; company_name present; sector present; industry present; volume present
AIRI,Air Industries Group Common Stock,2.47,11994767.0,28838.0,,71229.86,Industrials,Military/Government/Technical,146.5,93.0,tiny market cap; low nominal price; enough dollar volume to research; narrative hook; price present; market_cap present; dollar_volume present; company_name present; sector present; industry present; volume present
QTI,QT Imaging Holdings Inc. Common Stock,2.61,38201328.0,33017.0,,86174.37,Health Care,Biotechnology: Electromedical & Electrotherapeutic Apparatus,146.4,93.0,tiny market cap; low nominal price; enough dollar volume to research; narrative hook; price present; market_cap present; dollar_volume present; company_name present; sector present; industry present; volume present
EONR,EON Resources Inc. Class A Common Stock,0.4838,27008068.0,453498.0,,219402.3324,Energy,Oil & Gas Production,146.3,93.0,tiny market cap; sub-dollar risk context; enough dollar volume to research; constraint exposure; price present; market_cap present; dollar_volume present; company_name present; sector present; industry present; volume present
SKYQ,Sky Quarry Inc. Common Stock,2.54,22436811.0,413956.0,,1051448.24,Industrials,Environmental Services,146.3,91.7,tiny market cap; low nominal price; enough dollar volume to research; price present; market_cap present; dollar_volume present; company_name present; sector present; industry present; volume present
ORKT,Orangekloud Technology Inc. Class A Ordinary Shares,0.9943,5806483.0,101400.0,,100822.01999999999,Technology,Computer Software: Prepackaged Software,146.1,93.0,tiny market cap; sub-dollar risk context; enough dollar volume to research; price present; market_cap present; dollar_volume present; company_name present; sector present; industry present; volume present
NXTC,NextCure Inc. Common Stock,5.05,23115663.0,14559.0,,73522.95,Health Care,Biotechnology: Pharmaceutical Preparations,146.1,93.0,tiny market cap; within 10-bagger price band; enough dollar volume to research; narrative hook; price present; market_cap present; dollar_volume present; company_name present; sector present; industry present; volume present
ALZN,Alzamend Neuro Inc. Common Stock,1.41,6804269.0,25436.0,,35864.759999999995,Health Care,Biotechnology: Pharmaceutical Preparations,146.0,93.0,tiny market cap; low nominal price; narrative hook; price present; market_cap present; dollar_volume present; company_name present; sector present; industry present; volume present
CVM,Cel-Sci Corporation Common Stock,2.42,42565349.0,796322.0,,1927099.24,Health Care,Biotechnology: Biological Products (No Diagnostic Substances),145.7,93.0,tiny market cap; low nominal price; enough dollar volume to research; narrative hook; price present; market_cap present; dollar_volume present; company_name present; sector present; industry present; volume present
ONCO,Onconetix Inc. Common Stock,0.673,2948091.0,509798.0,,343094.054,Health Care,Biotechnology: Pharmaceutical Preparations,145.5,93.0,tiny market cap; sub-dollar risk context; enough dollar volume to research; narrative hook; price present; market_cap present; dollar_volume present; company_name present; sector present; industry present; volume present
ENSC,Ensysce Biosciences Inc. Common Stock,0.419,8152397.0,603279.0,,252773.90099999998,Health Care,Biotechnology: Pharmaceutical Preparations,145.2,93.0,tiny market cap; sub-dollar risk context; enough dollar volume to research; narrative hook; price present; market_cap present; dollar_volume present; company_name present; sector present; industry present; volume present
NXXT,NextNRG Inc. Common Stock,0.6691,11249809.0,250782.0,,167798.2362,Consumer Discretionary,Retail-Auto Dealers and Gas Stations,145.1,92.35,tiny market cap; sub-dollar risk context; enough dollar volume to research; narrative hook; constraint exposure; price present; market_cap present; dollar_volume present; company_name present; sector present; industry present; volume present
INDO,Indonesia Energy Corporation Limited Ordinary Shares,2.78,42775415.0,105614.0,,293606.92,Energy,Oil & Gas Production,144.6,93.0,tiny market cap; low nominal price; enough dollar volume to research; constraint exposure; price present; market_cap present; dollar_volume present; company_name present; sector present; industry present; volume present
RETO,ReTo Eco-Solutions Inc. Class A Shares,1.95,14561459.0,18777640.0,,36616398.0,Industrials,Industrial Machinery/Components,144.4,93.0,tiny market cap; low nominal price; enough dollar volume to research; price present; market_cap present; dollar_volume present; company_name present; sector present; industry present; volume present
EVGN,Evogene Ltd Ordinary Shares,0.4038,6380608.0,595949.0,,240644.2062,Industrials,Agricultural Chemicals,144.1,88.25,tiny market cap; sub-dollar risk context; enough dollar volume to research; narrative hook; price present; market_cap present; dollar_volume present; company_name present; sector present; industry present; volume present
PLRZ,Polyrizon Ltd. Ordinary Shares,9.26,22488873.0,16971.0,,157151.46,Health Care,Medical/Dental Instruments,144.0,93.0,tiny market cap; within 10-bagger price band; enough dollar volume to research; price present; market_cap present; dollar_volume present; company_name present; sector present; industry present; volume present
DLXY,Delixy Holdings Limited Class A Ordinary Shares,1.965,6425550.0,46916.0,,92189.94,Energy,Oil Refining/Marketing,143.9,93.0,tiny market cap; low nominal price; enough dollar volume to research; constraint exposure; price present; market_cap present; dollar_volume present; company_name present; sector present; industry present; volume present
AEMD,Aethlon Medical Inc. Common Stock,6.525,10466720.0,96071.0,,626863.275,Health Care,Medical/Dental Instruments,143.9,93.0,tiny market cap; within 10-bagger price band; enough dollar volume to research; price present; market_cap present; dollar_volume present; company_name present; sector present; industry present; volume present
HPAI,Helport AI Limited Ordinary Shares,0.299,11256426.0,232079.0,,69391.621,Technology,Computer Software: Prepackaged Software,143.5,93.0,tiny market cap; sub-dollar risk context; enough dollar volume to research; narrative hook; price present; market_cap present; dollar_volume present; company_name present; sector present; industry present; volume present
LSF,Laird Superfood Inc. Common Stock,3.15,35257585.0,32667.0,,102901.05,Consumer Staples,Packaged Foods,143.3,93.0,tiny market cap; low nominal price; enough dollar volume to research; narrative hook; constraint exposure; price present; market_cap present; dollar_volume present; company_name present; sector present; industry present; volume present
CSTE,Caesarstone Ltd. Ordinary Shares,2.91,100619288.0,70855.0,,206188.05000000002,Industrials,Building Materials,143.3,93.0,small market cap; low nominal price; enough dollar volume to research; constraint exposure; price present; market_cap present; dollar_volume present; company_name present; sector present; industry present; volume present
RAIN,Rain Enhancement Technologies Holdco Inc. Class A Common Stock,0.7611,8907953.0,77447.0,,58944.9117,Technology,Industrial Machinery/Components,143.1,91.75,tiny market cap; sub-dollar risk context; enough dollar volume to research; narrative hook; price present; market_cap present; dollar_volume present; company_name present; sector present; industry present; volume present
PASG,Passage Bio Inc. Common Stock,4.09,13160843.0,17937.0,,73362.33,Health Care,Biotechnology: Biological Products (No Diagnostic Substances),142.8,93.0,tiny market cap; low nominal price; enough dollar volume to research; narrative hook; price present; market_cap present; dollar_volume present; company_name present; sector present; industry present; volume present
AIOS,AIOS Tech Inc. Class A Common Shares,12.15,39478448.0,68793.0,,835834.9500000001,Industrials,Metal Fabrications,142.5,93.0,tiny market cap; within 10-bagger price band; enough dollar volume to research; narrative hook; price present; market_cap present; dollar_volume present; company_name present; sector present; industry present; volume present
LABT,Lakewood-Amedex Biotherapeutics Inc. Common Stock,0.8549,2025846.0,273522.0,,233833.9578,Health Care,Biotechnology: Pharmaceutical Preparations,142.3,93.0,tiny market cap; sub-dollar risk context; enough dollar volume to research; narrative hook; price present; market_cap present; dollar_volume present; company_name present; sector present; industry present; volume present
BGDE,Big Digital Energy Inc. Common Stock,5.34,30534387.0,55977.0,,298917.18,Finance,Finance: Consumer Services,141.8,93.0,tiny market cap; within 10-bagger price band; enough dollar volume to research; constraint exposure; price present; market_cap present; dollar_volume present; company_name present; sector present; industry present; volume present
HCAI,Huachen AI Parking Management Technology Holding Co. Ltd. Class A Ordinary Shares,0.4761,5195811.0,199116.0,,94799.1276,Consumer Discretionary,Miscellaneous manufacturing industries,141.7,93.0,tiny market cap; sub-dollar risk context; enough dollar volume to research; narrative hook; price present; market_cap present; dollar_volume present; company_name present; sector present; industry present; volume present
DXST,Decent Holding Inc Class A Ordinary Shares,2.12,3848071.0,1491325.0,,3161609.0,Industrials,Miscellaneous,141.5,93.0,tiny market cap; low nominal price; enough dollar volume to research; price present; market_cap present; dollar_volume present; company_name present; sector present; industry present; volume present
JTAI,Jet.AI Inc. Common Stock,1.5,5336282.0,38661.0,,57991.5,Consumer Discretionary,Transportation Services,141.4,93.0,tiny market cap; low nominal price; enough dollar volume to research; narrative hook; price present; market_cap present; dollar_volume present; company_name present; sector present; industry present; volume present
RNAZ,TransCode Therapeutics Inc. Common Stock,1.76,29798101.0,65738.0,,115698.88,Health Care,Biotechnology: Pharmaceutical Preparations,141.4,93.0,tiny market cap; low nominal price; enough dollar volume to research; narrative hook; price present; market_cap present; dollar_volume present; company_name present; sector present; industry present; volume present
ENVB,Enveric Biosciences Inc. Common Stock,1.51,6758585.0,54337.0,,82048.87,Health Care,Biotechnology: Pharmaceutical Preparations,141.3,93.0,tiny market cap; low nominal price; enough dollar volume to research; narrative hook; price present; market_cap present; dollar_volume present; company_name present; sector present; industry present; volume present
BESS,Bimergen Energy Corporation Common Stock,1.86,13201486.0,349204.0,,649519.4400000001,Utilities,Electric Utilities: Central,140.9,93.0,tiny market cap; low nominal price; enough dollar volume to research; constraint exposure; price present; market_cap present; dollar_volume present; company_name present; sector present; industry present; volume present
QUCY,Quantum Cyber N.V. Ordinary Shares,1.35,113492059.0,274891.0,,371102.85000000003,Health Care,Biotechnology: Pharmaceutical Preparations,140.9,93.0,small market cap; low nominal price; enough dollar volume to research; narrative hook; price present; market_cap present; dollar_volume present; company_name present; sector present; industry present; volume present
WFCF,Where Food Comes From Inc. Common Stock,12.76,63540500.0,16698.0,,213066.48,Technology,Computer Software: Prepackaged Software,140.6,93.0,small market cap; within 10-bagger price band; enough dollar volume to research; constraint exposure; price present; market_cap present; dollar_volume present; company_name present; sector present; industry present; volume present
EDBL,Edible Garden AG Incorporated Common Stock,1.13,2205205.0,108855.0,,123006.15,Consumer Staples,Farming/Seeds/Milling,140.6,90.1,tiny market cap; low nominal price; enough dollar volume to research; price present; market_cap present; dollar_volume present; company_name present; sector present; industry present; volume present
BRN,Barnwell Industries Inc. Common Stock,0.9372,13527835.0,54512.0,,51088.646400000005,Energy,Oil & Gas Production,140.1,93.0,tiny market cap; sub-dollar risk context; enough dollar volume to research; constraint exposure; price present; market_cap present; dollar_volume present; company_name present; sector present; industry present; volume present
JCTC,Jewett-Cameron Trading Company Common Shares,2.965,10437135.0,4798.0,,14226.07,Consumer Discretionary,RETAIL: Building Materials,139.6,93.0,tiny market cap; low nominal price; narrative hook; constraint exposure; price present; market_cap present; dollar_volume present; company_name present; sector present; industry present; volume present
QNTM,Quantum Biopharma Ltd. Class B Subordinate Voting Shares,3.27,26446194.0,246792.0,,807009.84,Health Care,Biotechnology: Pharmaceutical Preparations,139.4,88.25,tiny market cap; low nominal price; enough dollar volume to research; narrative hook; price present; market_cap present; dollar_volume present; company_name present; sector present; industry present; volume present
STAK,STAK Inc. Class A Ordinary Shares,1.05,20170866.0,203204.0,,213364.2,Consumer Discretionary,Oil and Gas Field Machinery,139.2,93.0,tiny market cap; low nominal price; enough dollar volume to research; constraint exposure; price present; market_cap present; dollar_volume present; company_name present; sector present; industry present; volume present
SNAL,Snail Inc. Class A Common Stock,2.3,20598365.0,17983.0,,41360.899999999994,Technology,Computer Software: Prepackaged Software,138.2,91.75,tiny market cap; low nominal price; narrative hook; price present; market_cap present; dollar_volume present; company_name present; sector present; industry present; volume present
ELPW,Elong Power Holding Limited Class A Ordinary Shares,2.93,2731021.0,30051.0,,88049.43000000001,Miscellaneous,Industrial Machinery/Components,138.0,93.0,tiny market cap; low nominal price; enough dollar volume to research; price present; market_cap present; dollar_volume present; company_name present; sector present; industry present; volume present
ALGS,Aligos Therapeutics Inc. Common Stock,5.4,33720613.0,48619.0,,262542.60000000003,Health Care,Biotechnology: Biological Products (No Diagnostic Substances),137.9,93.0,tiny market cap; within 10-bagger price band; enough dollar volume to research; narrative hook; price present; market_cap present; dollar_volume present; company_name present; sector present; industry present; volume present
VRAX,Virax Biolabs Group Limited Ordinary Shares,2.4,3227971.0,2895139.0,,6948333.6,Health Care,Biotechnology: In Vitro & In Vivo Diagnostic Substances,137.9,88.25,tiny market cap; low nominal price; enough dollar volume to research; narrative hook; price present; market_cap present; dollar_volume present; company_name present; sector present; industry present; volume present
MASK,3 E Network Technology Group Ltd Class A Ordinary Shares,0.8105,2933268.0,80289.0,,65074.2345,Technology,EDP Services,137.8,93.0,tiny market cap; sub-dollar risk context; enough dollar volume to research; price present; market_cap present; dollar_volume present; company_name present; sector present; industry present; volume present
LNAI,Lunai Bioworks Inc. Common Stock,1.14,5168635.0,69265.0,,78962.09999999999,Health Care,Biotechnology: Pharmaceutical Preparations,137.7,93.0,tiny market cap; low nominal price; enough dollar volume to research; narrative hook; price present; market_cap present; dollar_volume present; company_name present; sector present; industry present; volume present
AMIX,Autonomix Medical Inc. Common Stock,3.54,6938181.0,136275.0,,482413.5,Health Care,Medical/Dental Instruments,137.7,93.0,tiny market cap; low nominal price; enough dollar volume to research; price present; market_cap present; dollar_volume present; company_name present; sector present; industry present; volume present
GRWG,GrowGeneration Corp. Common Stock,1.56,91915900.0,206706.0,,322461.36,Consumer Discretionary,RETAIL: Building Materials,137.6,92.35,small market cap; low nominal price; enough dollar volume to research; narrative hook; constraint exposure; price present; market_cap present; dollar_volume present; company_name present; sector present; industry present; volume present
RAIL,FreightCar America Inc. Common Stock,6.76,221669053.0,107334.0,,725577.84,Industrials,Railroads,137.5,93.0,small market cap; within 10-bagger price band; enough dollar volume to research; narrative hook; price present; market_cap present; dollar_volume present; company_name present; sector present; industry present; volume present
INKT,MiNK Therapeutics Inc. Common Stock,12.2,62256624.0,28693.0,,350054.6,Health Care,Biotechnology: Biological Products (No Diagnostic Substances),137.2,93.0,small market cap; within 10-bagger price band; enough dollar volume to research; narrative hook; price present; market_cap present; dollar_volume present; company_name present; sector present; industry present; volume present
CING,Cingulate Inc. Common Stock,4.75,69073674.0,139946.0,,664743.5,Health Care,Biotechnology: Pharmaceutical Preparations,137.2,93.0,small market cap; low nominal price; enough dollar volume to research; narrative hook; price present; market_cap present; dollar_volume present; company_name present; sector present; industry present; volume present
AVAT,Avalanche Treasury Corporation Class A Common Stock,1.88,82194435.0,850957.0,,1599799.16,Finance,Finance: Consumer Services,137.2,93.0,small market cap; low nominal price; enough dollar volume to research; price present; market_cap present; dollar_volume present; company_name present; sector present; industry present; volume present
CLRB,Cellectar Biosciences Inc.  Common Stock,1.67,15785020.0,60690.0,,101352.3,Health Care,Biotechnology: Pharmaceutical Preparations,136.8,93.0,tiny market cap; low nominal price; enough dollar volume to research; narrative hook; price present; market_cap present; dollar_volume present; company_name present; sector present; industry present; volume present
TOVX,Theriva Biologics Inc. Common Stock,0.225,10325850.0,382943.0,,86162.175,Health Care,Biotechnology: Pharmaceutical Preparations,136.7,93.0,tiny market cap; sub-dollar risk context; enough dollar volume to research; narrative hook; price present; market_cap present; dollar_volume present; company_name present; sector present; industry present; volume present
BANL,CBL International Limited Class B Ordinary Shares,4.57,9592238.0,11660.0,,53286.200000000004,Energy,Oil Refining/Marketing,135.8,93.0,tiny market cap; low nominal price; enough dollar volume to research; constraint exposure; price present; market_cap present; dollar_volume present; company_name present; sector present; industry present; volume present
INM,InMed Pharmaceuticals Inc. Common Shares,1.33,7306668.0,29771.0,,39595.43,Health Care,Biotechnology: Pharmaceutical Preparations,135.7,93.0,tiny market cap; low nominal price; narrative hook; price present; market_cap present; dollar_volume present; company_name present; sector present; industry present; volume present
NRXS,Neuraxis Inc. Common Stock,7.15,89788020.0,53783.0,,384548.45,Health Care,Biotechnology: Electromedical & Electrotherapeutic Apparatus,135.4,93.0,small market cap; within 10-bagger price band; enough dollar volume to research; narrative hook; price present; market_cap present; dollar_volume present; company_name present; sector present; industry present; volume present
HUBC,Hub Cyber Security Ltd. Ordinary Shares,0.9999,1336912.0,151122.0,,151106.8878,Telecommunications,Computer Communications Equipment,135.3,88.25,tiny market cap; sub-dollar risk context; enough dollar volume to research; price present; market_cap present; dollar_volume present; company_name present; sector present; industry present; volume present
FNUC,Frontier Nuclear and Minerals Inc. Common Shares,1.25,44873808.0,246638.0,,308297.5,Basic Materials,Other Metals and Minerals,135.3,88.25,tiny market cap; low nominal price; enough dollar volume to research; constraint exposure; price present; market_cap present; dollar_volume present; company_name present; sector present; industry present; volume present
PAVS,Paranovus Entertainment Technology Ltd. Class A Ordinary Shares,3.77,3278535.0,21435.0,,80809.95,Technology,EDP Services,135.1,93.0,tiny market cap; low nominal price; enough dollar volume to research; narrative hook; price present; market_cap present; dollar_volume present; company_name present; sector present; industry present; volume present
BIYA,Baiya International Group Inc Class A Ordinary Shares,1.4,8933053.0,207279.0,,290190.6,Consumer Discretionary,Diversified Commercial Services,134.8,93.0,tiny market cap; low nominal price; enough dollar volume to research; narrative hook; price present; market_cap present; dollar_volume present; company_name present; sector present; industry present; volume present
FABC,Fabric.AI Inc. Common Stock,2.31,16178346.0,79989.0,,184774.59,Consumer Discretionary,Telecommunications Equipment,134.5,93.0,tiny market cap; low nominal price; enough dollar volume to research; narrative hook; price present; market_cap present; dollar_volume present; company_name present; sector present; industry present; volume present
PTN,Palatin Technologies Inc. Common Stock,9.48,16883302.0,13016.0,,123391.68000000001,Health Care,Biotechnology: Pharmaceutical Preparations,134.1,93.0,tiny market cap; within 10-bagger price band; enough dollar volume to research; narrative hook; price present; market_cap present; dollar_volume present; company_name present; sector present; industry present; volume present
TWAV,TaoWeave Inc. Common Stock,1.74,6746361.0,213456.0,,371413.44,Technology,Computer Software: Programming Data Processing,134.0,93.0,tiny market cap; low nominal price; enough dollar volume to research; price present; market_cap present; dollar_volume present; company_name present; sector present; industry present; volume present
OTLK,Outlook Therapeutics Inc. Common Stock,0.5955,144973018.0,4687761.0,,2791561.6755000004,Health Care,Biotechnology: Biological Products (No Diagnostic Substances),133.9,93.0,small market cap; sub-dollar risk context; enough dollar volume to research; narrative hook; price present; market_cap present; dollar_volume present; company_name present; sector present; industry present; volume present
CNSP,CNS Pharmaceuticals Inc. Common Stock,5.3,7745680.0,2361.0,,12513.3,Health Care,Biotechnology: Pharmaceutical Preparations,133.5,93.0,tiny market cap; within 10-bagger price band; narrative hook; price present; market_cap present; dollar_volume present; company_name present; sector present; industry present; volume present
ETRA,Electra Therapeutics Inc. Common stock,9.74,611350142.0,334456.0,,3257601.44,Health Care,Biotechnology: Biological Products (No Diagnostic Substances),132.9,88.25,sub-billion market cap; within 10-bagger price band; enough dollar volume to research; narrative hook; price present; market_cap present; dollar_volume present; company_name present; sector present; industry present; volume present
ALLR,Allarity Therapeutics Inc. Common Stock,1.0,15910724.0,39176.0,,39176.0,Health Care,Biotechnology: Pharmaceutical Preparations,132.6,93.0,tiny market cap; low nominal price; narrative hook; price present; market_cap present; dollar_volume present; company_name present; sector present; industry present; volume present
HUMA,Humacyte Inc.,,,,,,Healthcare,Biotechnology,132.5,49.0,seed ticker; narrative hook; company_name present; sector present; industry present
NVNO,enVVeno Medical Corporation Common Stock,8.01,5565556.0,10590.0,,84825.9,Health Care,Medical/Dental Instruments,132.4,93.0,tiny market cap; within 10-bagger price band; enough dollar volume to research; price present; market_cap present; dollar_volume present; company_name present; sector present; industry present; volume present
SOAR,Volato Group Inc. Class A Common Stock,0.2626,14084091.0,11076947.0,,2908806.2822,Consumer Discretionary,Transportation Services,132.3,93.0,tiny market cap; sub-dollar risk context; enough dollar volume to research; price present; market_cap present; dollar_volume present; company_name present; sector present; industry present; volume present
NEUP,Neuphoria Therapeutics Inc. Common Stock,3.45,18669102.0,15467.0,,53361.15,Health Care,Biotechnology: Pharmaceutical Preparations,132.3,93.0,tiny market cap; low nominal price; enough dollar volume to research; narrative hook; price present; market_cap present; dollar_volume present; company_name present; sector present; industry present; volume present
DERM,Journey Medical Corporation Common Stock,6.69,188821203.0,88747.0,,593717.43,Health Care,Biotechnology: Pharmaceutical Preparations,132.2,93.0,small market cap; within 10-bagger price band; enough dollar volume to research; narrative hook; price present; market_cap present; dollar_volume present; company_name present; sector present; industry present; volume present
VMAR,Vision Marine Technologies Inc. Common Shares,5.95,3885624.0,28086.0,,167111.7,Industrials,Marine Transportation,131.9,88.25,tiny market cap; within 10-bagger price band; enough dollar volume to research; price present; market_cap present; dollar_volume present; company_name present; sector present; industry present; volume present
REVB,Revelation Biosciences Inc. Common Stock,0.7771,3095513.0,90634.0,,70431.6814,Health Care,Biotechnology: Pharmaceutical Preparations,131.8,93.0,tiny market cap; sub-dollar risk context; enough dollar volume to research; narrative hook; price present; market_cap present; dollar_volume present; company_name present; sector present; industry present; volume present
JZXN,Jiuzi Holdings Inc. Ordinary Shares,1.14,58724545.0,1352131.0,,1541429.3399999999,Consumer Discretionary,Retail-Auto Dealers and Gas Stations,131.4,92.35,small market cap; low nominal price; enough dollar volume to research; narrative hook; constraint exposure; price present; market_cap present; dollar_volume present; company_name present; sector present; industry present; volume present
ATRA,Atara Biotherapeutics Inc. Common Stock,9.4,94354474.0,39338.0,,369777.2,Health Care,Biotechnology: Biological Products (No Diagnostic Substances),131.1,93.0,small market cap; within 10-bagger price band; enough dollar volume to research; narrative hook; price present; market_cap present; dollar_volume present; company_name present; sector present; industry present; volume present
MSAI,MultiSensor AI Holdings Inc. Common Stock,4.6,10145981.0,5084.0,,23386.399999999998,Technology,Electronic Components,130.7,93.0,tiny market cap; low nominal price; narrative hook; price present; market_cap present; dollar_volume present; company_name present; sector present; industry present; volume present
TAOX,Tao Synergies Inc. Common Stock,4.43,33150762.0,141141.0,,625254.63,Finance,Finance: Consumer Services,130.7,93.0,tiny market cap; low nominal price; enough dollar volume to research; price present; market_cap present; dollar_volume present; company_name present; sector present; industry present; volume present
PRSO,Peraso Inc. Common Stock,0.4527,6819688.0,163248.0,,73902.3696,Technology,Semiconductors,130.5,93.0,tiny market cap; sub-dollar risk context; enough dollar volume to research; price present; market_cap present; dollar_volume present; company_name present; sector present; industry present; volume present
RNTX,Rein Therapeutics Inc. Common Stock,0.825,71170301.0,336297.0,,277445.02499999997,Health Care,Biotechnology: Pharmaceutical Preparations,130.4,93.0,small market cap; sub-dollar risk context; enough dollar volume to research; narrative hook; price present; market_cap present; dollar_volume present; company_name present; sector present; industry present; volume present
CGTL,Creative Global Technology Holdings Limited Class A Ordinary Shares,3.75,6447206.0,1787.0,,6701.25,Technology,Retail: Computer Software & Peripheral Equipment,129.9,93.0,tiny market cap; low nominal price; narrative hook; price present; market_cap present; dollar_volume present; company_name present; sector present; industry present; volume present
SNGX,Soligenix Inc. Common Stock,0.359,7813807.0,107904.0,,38737.536,Health Care,Biotechnology: Pharmaceutical Preparations,129.7,93.0,tiny market cap; sub-dollar risk context; narrative hook; price present; market_cap present; dollar_volume present; company_name present; sector present; industry present; volume present
CIIT,Tianci International Inc. Common Stock,2.58,2495869.0,20341.0,,52479.78,Telecommunications,Computer Communications Equipment,129.5,93.0,tiny market cap; low nominal price; enough dollar volume to research; price present; market_cap present; dollar_volume present; company_name present; sector present; industry present; volume present
AGPU,Axe Compute Inc. Common Stock,12.99,150568701.0,340157.0,,4418639.43,Health Care,Industrial Specialties,129.5,92.35,small market cap; within 10-bagger price band; enough dollar volume to research; price present; market_cap present; dollar_volume present; company_name present; sector present; industry present; volume present
KAPA,Kairos Pharma Ltd. Common Stock,1.55,5247344.0,19614.0,,30401.7,Health Care,Biotechnology: Pharmaceutical Preparations,129.2,93.0,tiny market cap; low nominal price; narrative hook; price present; market_cap present; dollar_volume present; company_name present; sector present; industry present; volume present
WLDS,Wearable Devices Ltd. Ordinary Share,1.38,4461406.0,30715.0,,42386.7,Telecommunications,Computer Communications Equipment,128.3,93.0,tiny market cap; low nominal price; narrative hook; price present; market_cap present; dollar_volume present; company_name present; sector present; industry present; volume present
MGN,Megan Holdings Limited Class A Ordinary Shares,3.68,3404000.0,64729.0,,238202.72,Consumer Staples,Farming/Seeds/Milling,127.9,93.0,tiny market cap; low nominal price; enough dollar volume to research; price present; market_cap present; dollar_volume present; company_name present; sector present; industry present; volume present
CLDI,Calidi Biotherapeutics Inc. Common Stock,1.05,3870141.0,22045.0,,23147.25,Health Care,Biotechnology: Biological Products (No Diagnostic Substances),127.1,93.0,tiny market cap; low nominal price; narrative hook; price present; market_cap present; dollar_volume present; company_name present; sector present; industry present; volume present
ZCMD,Zhongchao Inc. Class A Ordinary Shares,1.91,8474170.0,122836.0,,234616.75999999998,Real Estate,Other Consumer Services,126.9,93.0,tiny market cap; low nominal price; enough dollar volume to research; price present; market_cap present; dollar_volume present; company_name present; sector present; industry present; volume present
TVGN,Tevogen Inc. Common Stock,6.6,42976164.0,3486.0,,23007.6,Health Care,Biotechnology: Biological Products (No Diagnostic Substances),126.4,93.0,tiny market cap; within 10-bagger price band; narrative hook; price present; market_cap present; dollar_volume present; company_name present; sector present; industry present; volume present
AGRZ,Agroz Inc. Class A Ordinary Shares,3.405,6444555.0,16728.0,,56958.84,Consumer Staples,Farming/Seeds/Milling,126.4,88.25,tiny market cap; low nominal price; enough dollar volume to research; price present; market_cap present; dollar_volume present; company_name present; sector present; industry present; volume present
KGEI,Kolibri Global Energy Inc. Common stock,6.42,230808598.0,207259.0,,1330602.78,Energy,Oil & Gas Production,126.0,88.25,small market cap; within 10-bagger price band; enough dollar volume to research; constraint exposure; price present; market_cap present; dollar_volume present; company_name present; sector present; industry present; volume present
MNDR,Mobile-health Network Solutions Class A Ordinary Shares,1.2806,4705612.0,25865.0,,33122.719,Technology,Computer Software: Prepackaged Software,125.0,93.0,tiny market cap; low nominal price; price present; market_cap present; dollar_volume present; company_name present; sector present; industry present; volume present
FBGL,FBS Global Limited Ordinary Shares,3.55,4792500.0,10695.0,,37967.25,Consumer Discretionary,Homebuilding,124.8,93.0,tiny market cap; low nominal price; price present; market_cap present; dollar_volume present; company_name present; sector present; industry present; volume present
ALP,Alpha Compute Corp Ordinary Shares,4.39,6803833.0,25462.0,,111778.18,Finance,Finance: Consumer Services,124.5,93.0,tiny market cap; low nominal price; enough dollar volume to research; price present; market_cap present; dollar_volume present; company_name present; sector present; industry present; volume present
BGM,BGM Group Ltd. Class A Ordinary Shares,9.35,124860947.0,4723.0,,44160.049999999996,Health Care,Biotechnology: Pharmaceutical Preparations,124.4,93.0,small market cap; within 10-bagger price band; narrative hook; price present; market_cap present; dollar_volume present; company_name present; sector present; industry present; volume present
CTXR,Citius Pharmaceuticals Inc. Common Stock,0.52,14275336.0,132564.0,,68933.28,Health Care,Biotechnology: Pharmaceutical Preparations,123.1,93.0,tiny market cap; sub-dollar risk context; enough dollar volume to research; narrative hook; price present; market_cap present; dollar_volume present; company_name present; sector present; industry present; volume present
SKK,SKK Holdings Limited Class A Ordinary Shares,4.49,14325776.0,2245.0,,10080.050000000001,Industrials,Water Sewer Pipeline Comm & Power Line Construction,122.5,93.0,tiny market cap; low nominal price; constraint exposure; price present; market_cap present; dollar_volume present; company_name present; sector present; industry present; volume present
CHSN,Chanson International Holding Class A Ordinary Shares,1.06,3932374.0,26984.0,,28603.04,Consumer Staples,Packaged Foods,122.3,93.0,tiny market cap; low nominal price; constraint exposure; price present; market_cap present; dollar_volume present; company_name present; sector present; industry present; volume present
AMS,American Shared Hospital Services Common Stock,1.35,8977500.0,12399.0,,16738.65,Health Care,Medical Specialities,122.3,93.0,tiny market cap; low nominal price; price present; market_cap present; dollar_volume present; company_name present; sector present; industry present; volume present
MBAI,MBody AI Ltd. Ordinary Share,3.06,46798367.0,12033.0,,36820.98,Health Care,Medical Electronics,122.3,93.0,tiny market cap; low nominal price; narrative hook; price present; market_cap present; dollar_volume present; company_name present; sector present; industry present; volume present
BCSS,Bain Capital GSS Investment Corp. Class A Ordinary Shares,10.27,0.0,64107.0,,658378.89,,,122.0,89.45,tiny market cap; within 10-bagger price band; enough dollar volume to research; narrative hook; price present; market_cap present; dollar_volume present; company_name present; sector present; industry present; volume present
TMDE,TMD Energy Limited Ordinary Shares,0.6502,15321963.0,53558.0,,34823.4116,Energy,Oil Refining/Marketing,121.9,93.0,tiny market cap; sub-dollar risk context; constraint exposure; price present; market_cap present; dollar_volume present; company_name present; sector present; industry present; volume present
SNOA,Sonoma Pharmaceuticals Inc. Common Stock,1.22,5841879.0,18569.0,,22654.18,Health Care,Medical/Dental Instruments,121.7,93.0,tiny market cap; low nominal price; price present; market_cap present; dollar_volume present; company_name present; sector present; industry present; volume present
FGI,FGI Industries Ltd. Ordinary Shares,7.575,14629378.0,6580.0,,49843.5,Industrials,Industrial Specialties,120.5,93.0,tiny market cap; within 10-bagger price band; price present; market_cap present; dollar_volume present; company_name present; sector present; industry present; volume present
BGMS,Bio Green Med Solution Inc. Common Stock,0.8684,5751234.0,5882.0,,5107.9288,Health Care,Biotechnology: Pharmaceutical Preparations,120.4,93.0,tiny market cap; sub-dollar risk context; narrative hook; price present; market_cap present; dollar_volume present; company_name present; sector present; industry present; volume present
MSDL,Morgan Stanley Direct Lending Fund Common Stock,13.56,0.0,677946.0,,9192947.76,,,119.0,90.35,tiny market cap; within 10-bagger price band; enough dollar volume to research; price present; market_cap present; dollar_volume present; company_name present; sector present; industry present; volume present
WIMI,WiMi Hologram Cloud Inc. Class B Ordinary Shares,0.7578,13932194.0,22519.0,,17064.8982,Technology,Computer Software: Prepackaged Software,118.8,93.0,tiny market cap; sub-dollar risk context; price present; market_cap present; dollar_volume present; company_name present; sector present; industry present; volume present
RDGT,Ridgetech Inc. Ordinary Shares,0.8865,3217587.0,36527.0,,32381.1855,Consumer Staples,Retail-Drug Stores and Proprietary Stores,117.7,93.0,tiny market cap; sub-dollar risk context; narrative hook; price present; market_cap present; dollar_volume present; company_name present; sector present; industry present; volume present
LNKS,Linkers Industries Limited Class A Ordinary Shares,0.98,1574481.0,5599.0,,5487.0199999999995,Technology,Electrical Products,116.7,88.25,tiny market cap; sub-dollar risk context; price present; market_cap present; dollar_volume present; company_name present; sector present; industry present; volume present
CKX,CKX Lands Inc. Common Stock,10.32,21188291.0,5211.0,,53777.520000000004,Energy,Oil & Gas Production,115.4,91.85,tiny market cap; within 10-bagger price band; enough dollar volume to research; constraint exposure; price present; market_cap present; dollar_volume present; company_name present; sector present; industry present; volume present
ADTX,"Aditxt, Inc.",,,,,,Healthcare,Biotechnology,114.8,49.0,seed ticker; narrative hook; company_name present; sector present; industry present
STEX,Streamex Corp. Common Stock,0.5925,69005760.0,856455.0,,507449.5875,Finance,Finance: Consumer Services,113.0,93.0,small market cap; sub-dollar risk context; enough dollar volume to research; price present; market_cap present; dollar_volume present; company_name present; sector present; industry present; volume present
AEHL,Antelope Enterprise Holdings Limited Class A Ordinary Shares,10.86,206501336.0,48376.0,,525363.36,Consumer Discretionary,Telecommunications Equipment,112.8,88.25,small market cap; within 10-bagger price band; enough dollar volume to research; price present; market_cap present; dollar_volume present; company_name present; sector present; industry present; volume present
GOSS,Gossamer Bio Inc.,,,,,,Healthcare,Biotechnology,110.7,49.0,seed ticker; narrative hook; company_name present; sector present; industry present
EZGO,EZGO Technologies Ltd. Ordinary Shares,0.9179,4870285.0,158273.0,,145278.7867,Consumer Discretionary,Motor Vehicles,110.4,93.0,tiny market cap; sub-dollar risk context; enough dollar volume to research; price present; market_cap present; dollar_volume present; company_name present; sector present; industry present; volume present
FCHL,Fitness Champs Holdings Limited Common Stock,0.93,1226430.0,44991.0,,41841.630000000005,Consumer Discretionary,Services-Misc. Amusement & Recreation,109.7,93.0,tiny market cap; sub-dollar risk context; price present; market_cap present; dollar_volume present; company_name present; sector present; industry present; volume present
PTY,Pimco Corporate & Income Opportunity Fund,10.8,0.0,2425482.0,,26195205.6,Finance,Investment Managers,106.8,87.25,tiny market cap; within 10-bagger price band; enough dollar volume to research; price present; market_cap present; dollar_volume present; company_name present; sector present; industry present; volume present
BBBYW,Neighborhood Intelligence Inc. Warrants,0.3017,28811651.0,614894.0,,185513.5198,Consumer Discretionary,Catalog/Specialty Distribution,104.8,92.35,tiny market cap; sub-dollar risk context; enough dollar volume to research; SPAC/fund/unit noise penalty; price present; market_cap present; dollar_volume present; company_name present; sector present; industry present; volume present
CRF,Cornerstone Total Return Fund Inc. (The) Common Stock,6.15,0.0,871970.0,,5362615.5,Finance,Finance/Investors Services,103.8,87.25,tiny market cap; within 10-bagger price band; enough dollar volume to research; price present; market_cap present; dollar_volume present; company_name present; sector present; industry present; volume present
QH,Quhuo Limited Class A Ordinary Shares,3.74,10288340.0,4628.0,,17308.72,Consumer Discretionary,Business Services,103.6,93.0,tiny market cap; low nominal price; price present; market_cap present; dollar_volume present; company_name present; sector present; industry present; volume present
CLM,Cornerstone Strategic Investment Fund Inc. Common Shares,6.41,0.0,1607223.0,,10302299.43,Finance,Finance/Investors Services,100.6,87.25,tiny market cap; within 10-bagger price band; enough dollar volume to research; price present; market_cap present; dollar_volume present; company_name present; sector present; industry present; volume present
USA,Liberty All-Star Equity Fund Common Stock,5.81,0.0,1777260.0,,10325880.6,Finance,Finance Companies,99.9,87.25,tiny market cap; within 10-bagger price band; enough dollar volume to research; price present; market_cap present; dollar_volume present; company_name present; sector present; industry present; volume present
HYT,Blackrock Corporate High Yield Fund Inc. Common Stock,7.8,0.0,1769641.0,,13803199.799999999,Finance,Finance Companies,99.4,87.25,tiny market cap; within 10-bagger price band; enough dollar volume to research; price present; market_cap present; dollar_volume present; company_name present; sector present; industry present; volume present
XLABW,Exascale Labs Holdings Inc. Warrant,0.125,8041849.0,34577.0,,4322.125,Technology,Computer Software: Prepackaged Software,80.7,89.75,tiny market cap; sub-dollar risk context; SPAC/fund/unit noise penalty; price present; market_cap present; dollar_volume present; company_name present; sector present; industry present; volume present
NTWO,Newbury Street II Acquisition Corp Class A Ordinary Shares,10.85,0.0,258115.0,,2800547.75,,,58.3,91.75,tiny market cap; within 10-bagger price band; enough dollar volume to research; SPAC/fund/unit noise penalty; missing market cap on noise structure; price present; market_cap present; dollar_volume present; company_name present; sector present; industry present; volume present
FVN,Future Vision II Acquisition Corporation Ordinary shares,8.87,0.0,15766.0,,139844.41999999998,,,53.9,89.45,tiny market cap; within 10-bagger price band; enough dollar volume to research; SPAC/fund/unit noise penalty; missing market cap on noise structure; price present; market_cap present; dollar_volume present; company_name present; sector present; industry present; volume present
IGR,CBRE Global Real Estate Income Fund Common Shares of Beneficial Interest,11.51,0.0,613801.0,,7064849.51,Finance,Finance Companies,43.7,87.25,tiny market cap; within 10-bagger price band; enough dollar volume to research; SPAC/fund/unit noise penalty; missing market cap on noise structure; price present; market_cap present; dollar_volume present; company_name present; sector present; industry present; volume present
NAD,Nuveen Quality Municipal Income Fund Common Stock,9.96,0.0,2111137.0,,21026924.520000003,Finance,Investment Managers,40.4,87.25,tiny market cap; within 10-bagger price band; enough dollar volume to research; SPAC/fund/unit noise penalty; missing market cap on noise structure; price present; market_cap present; dollar_volume present; company_name present; sector present; industry present; volume present
CHW,Calamos Global Dynamic Income Fund Common Stock,8.02,0.0,260799.0,,2091607.98,Finance,Investment Managers,40.3,87.25,tiny market cap; within 10-bagger price band; enough dollar volume to research; SPAC/fund/unit noise penalty; missing market cap on noise structure; price present; market_cap present; dollar_volume present; company_name present; sector present; industry present; volume present
NZF,Nuveen Municipal Credit Income Fund ,10.75,0.0,1797795.0,,19326296.25,Finance,Finance Companies,40.1,87.25,tiny market cap; within 10-bagger price band; enough dollar volume to research; SPAC/fund/unit noise penalty; missing market cap on noise structure; price present; market_cap present; dollar_volume present; company_name present; sector present; industry present; volume present
CCXI,Churchill Capital Corp XI Class A Ordinary Shares,12.07,0.0,1572426.0,,18979181.82,Finance,Blank Checks,39.2,90.05,tiny market cap; within 10-bagger price band; enough dollar volume to research; SPAC/fund/unit noise penalty; missing market cap on noise structure; price present; market_cap present; dollar_volume present; company_name present; sector present; industry present; volume present
BPRE,Bluerock Private Real Estate Fund Common Shares of Beneficial Interest,12.73,0.0,645731.0,,8220155.63,,,38.9,85.0,tiny market cap; within 10-bagger price band; enough dollar volume to research; SPAC/fund/unit noise penalty; missing market cap on noise structure; price present; market_cap present; dollar_volume present; company_name present; sector present; industry present; volume present
NEA,Nuveen AMT-Free Quality Municipal Income Fund Common Shares of Beneficial Interest Par Value $.01,9.81,0.0,2332241.0,,22879284.21,Finance,Finance/Investors Services,38.8,87.25,tiny market cap; within 10-bagger price band; enough dollar volume to research; SPAC/fund/unit noise penalty; missing market cap on noise structure; price present; market_cap present; dollar_volume present; company_name present; sector present; industry present; volume present
NVG,Nuveen AMT-Free Municipal Credit Income Fund ,10.43,0.0,1939349.0,,20227410.07,Finance,Investment Managers,36.7,87.25,tiny market cap; within 10-bagger price band; enough dollar volume to research; SPAC/fund/unit noise penalty; missing market cap on noise structure; price present; market_cap present; dollar_volume present; company_name present; sector present; industry present; volume present
PAXS,PIMCO Access Income Fund Common Shares of Beneficial Interest,13.12,0.0,210770.0,,2765302.4,Finance,Investment Managers,35.8,87.25,tiny market cap; within 10-bagger price band; enough dollar volume to research; SPAC/fund/unit noise penalty; missing market cap on noise structure; price present; market_cap present; dollar_volume present; company_name present; sector present; industry present; volume present
JPC,Nuveen Preferred & Income Opportunities Fund,6.63,0.0,3680673.0,,24402861.99,Finance,Investment Managers,34.3,87.25,tiny market cap; within 10-bagger price band; enough dollar volume to research; SPAC/fund/unit noise penalty; missing market cap on noise structure; price present; market_cap present; dollar_volume present; company_name present; sector present; industry present; volume present
GOF,Guggenheim Strategic Opportunities Fund Common Shares of Beneficial Interest,8.6,0.0,2421828.0,,20827720.8,Finance,Finance/Investors Services,33.4,87.25,tiny market cap; within 10-bagger price band; enough dollar volume to research; SPAC/fund/unit noise penalty; missing market cap on noise structure; price present; market_cap present; dollar_volume present; company_name present; sector present; industry present; volume present
NUV,Nuveen Municipal Value Fund Inc. Common Stock,8.14,0.0,1561322.0,,12709161.08,Finance,Trusts Except Educational Religious and Charitable,33.4,87.25,tiny market cap; within 10-bagger price band; enough dollar volume to research; SPAC/fund/unit noise penalty; missing market cap on noise structure; price present; market_cap present; dollar_volume present; company_name present; sector present; industry present; volume present
NTWOW,Newbury Street II Acquisition Corp Warrant,0.9282,0.0,11699.0,,10859.0118,,,29.4,91.75,tiny market cap; sub-dollar risk context; SPAC/fund/unit noise penalty; missing market cap on noise structure; price present; market_cap present; dollar_volume present; company_name present; sector present; industry present; volume present
LWACW,LightWave Acquisition Corp. Warrants,0.1227,0.0,6.0,,0.7362,Finance,Blank Checks,26.2,91.7,tiny market cap; sub-dollar risk context; SPAC/fund/unit noise penalty; missing market cap on noise structure; price present; market_cap present; dollar_volume present; company_name present; sector present; industry present; volume present
RFAIR,RF Acquisition Corp II Right,0.155,0.0,23848.0,,3696.44,Technology,Computer Software: Prepackaged Software,24.0,87.45,tiny market cap; sub-dollar risk context; narrative hook; SPAC/fund/unit noise penalty; missing market cap on noise structure; price present; market_cap present; dollar_volume present; company_name present; sector present; industry present; volume present
DNMXW,Dynamix Corporation III Warrants,0.23,0.0,1.0,,0.23,Finance,Blank Checks,22.3,93.0,tiny market cap; sub-dollar risk context; SPAC/fund/unit noise penalty; missing market cap on noise structure; price present; market_cap present; dollar_volume present; company_name present; sector present; industry present; volume present
SPKLW,Spark I Acquisition Corp. Warrant,0.84,0.0,18548.0,,15580.32,Miscellaneous,Industrial Machinery/Components,22.2,89.75,tiny market cap; sub-dollar risk context; SPAC/fund/unit noise penalty; missing market cap on noise structure; price present; market_cap present; dollar_volume present; company_name present; sector present; industry present; volume present
AACIW,Armada Acquisition Corp. III Warrant,0.25,0.0,1038.0,,259.5,Finance,Blank Checks,20.1,93.0,tiny market cap; sub-dollar risk context; SPAC/fund/unit noise penalty; missing market cap on noise structure; price present; market_cap present; dollar_volume present; company_name present; sector present; industry present; volume present
APXTW,Apex Treasury Corporation Warrants,0.3,0.0,711.0,,213.29999999999998,Finance,Blank Checks,18.2,92.35,tiny market cap; sub-dollar risk context; SPAC/fund/unit noise penalty; missing market cap on noise structure; price present; market_cap present; dollar_volume present; company_name present; sector present; industry present; volume present
RTACW,Renatus Tactical Acquisition Corp I Warrant,0.493,0.0,350.0,,172.55,Finance,Blank Checks,17.4,93.0,tiny market cap; sub-dollar risk context; SPAC/fund/unit noise penalty; missing market cap on noise structure; price present; market_cap present; dollar_volume present; company_name present; sector present; industry present; volume present
CUBWW,Lionheart Holdings Warrant,0.12,0.0,1614.0,,193.68,Industrials,Industrial Machinery/Components,14.9,87.45,tiny market cap; sub-dollar risk context; SPAC/fund/unit noise penalty; missing market cap on noise structure; price present; market_cap present; dollar_volume present; company_name present; sector present; industry present; volume present
FERAR,Fifth Era Acquisition Corp I Rights,0.28,0.0,333.0,,93.24000000000001,,,13.6,85.2,tiny market cap; sub-dollar risk context; SPAC/fund/unit noise penalty; missing market cap on noise structure; price present; market_cap present; dollar_volume present; company_name present; sector present; industry present; volume present
MESHW,Meshflow Acquisition Corp. Warrants,0.2199,0.0,90.0,,19.791,,,12.5,87.5,tiny market cap; sub-dollar risk context; SPAC/fund/unit noise penalty; missing market cap on noise structure; price present; market_cap present; dollar_volume present; company_name present; sector present; industry present; volume present
TVACW,Texas Ventures Acquisition III Corp Warrants,0.2111,0.0,14402.0,,3040.2622,,,11.0,87.5,tiny market cap; sub-dollar risk context; SPAC/fund/unit noise penalty; missing market cap on noise structure; price present; market_cap present; dollar_volume present; company_name present; sector present; industry present; volume present
BEAGR,Bold Eagle Acquisition Corp. Right,0.2301,0.0,74465.0,,17134.3965,Finance,Blank Checks,10.5,88.1,tiny market cap; sub-dollar risk context; SPAC/fund/unit noise penalty; missing market cap on noise structure; price present; market_cap present; dollar_volume present; company_name present; sector present; industry present; volume present
SZZLR,Sizzle Acquisition Corp. II Right,0.15,0.0,106.0,,15.899999999999999,Finance,Blank Checks,9.8,85.8,tiny market cap; sub-dollar risk context; SPAC/fund/unit noise penalty; missing market cap on noise structure; price present; market_cap present; dollar_volume present; company_name present; sector present; industry present; volume present
FWACW,Futurewave Acquisition Corporation Warrants,0.0341,0.0,4318.0,,147.2438,Finance,Blank Checks,9.2,86.75,tiny market cap; sub-dollar risk context; SPAC/fund/unit noise penalty; missing market cap on noise structure; price present; market_cap present; dollar_volume present; company_name present; sector present; industry present; volume present
KFIIR,K&F Growth Acquisition Corp. II Rights,0.105,0.0,349.0,,36.644999999999996,,,8.5,85.2,tiny market cap; sub-dollar risk context; SPAC/fund/unit noise penalty; missing market cap on noise structure; price present; market_cap present; dollar_volume present; company_name present; sector present; industry present; volume present
BREZR,Breeze Acquisition Corp. II Right,0.29,0.0,3475.0,,1007.7499999999999,Finance,Blank Checks,8.4,89.35,tiny market cap; sub-dollar risk context; SPAC/fund/unit noise penalty; missing market cap on noise structure; price present; market_cap present; dollar_volume present; company_name present; sector present; industry present; volume present
PAACW,Proem Acquisition Corp I Warrants,0.45,0.0,31069.0,,13981.050000000001,Finance,Investment Managers,7.3,88.1,tiny market cap; sub-dollar risk context; SPAC/fund/unit noise penalty; missing market cap on noise structure; price present; market_cap present; dollar_volume present; company_name present; sector present; industry present; volume present
NMPAR,NMP Acquisition Corp. Right,0.238,0.0,132.0,,31.415999999999997,Finance,Blank Checks,7.3,88.05,tiny market cap; sub-dollar risk context; SPAC/fund/unit noise penalty; missing market cap on noise structure; price present; market_cap present; dollar_volume present; company_name present; sector present; industry present; volume present
IPFXW,Inflection Point Acquisition Corp. VI Warrant,0.7201,0.0,4560.0,,3283.656,Finance,Blank Checks,4.3,87.45,tiny market cap; sub-dollar risk context; SPAC/fund/unit noise penalty; missing market cap on noise structure; price present; market_cap present; dollar_volume present; company_name present; sector present; industry present; volume present
RDACR,Rising Dragon Acquisition Corp. Rights,0.11,0.0,22.0,,2.42,Finance,Blank Checks,3.8,89.75,tiny market cap; sub-dollar risk context; SPAC/fund/unit noise penalty; missing market cap on noise structure; price present; market_cap present; dollar_volume present; company_name present; sector present; industry present; volume present
AXINR,Axiom Intelligence Acquisition Corp 1 Right,0.17,0.0,15115.0,,2569.55,Finance,Blank Checks,2.7,87.45,tiny market cap; sub-dollar risk context; SPAC/fund/unit noise penalty; missing market cap on noise structure; price present; market_cap present; dollar_volume present; company_name present; sector present; industry present; volume present
CGCFW,Cartesian Growth Corporation IV Warrants,0.3,0.0,7555.0,,2266.5,Finance,Blank Checks,2.7,87.45,tiny market cap; sub-dollar risk context; SPAC/fund/unit noise penalty; missing market cap on noise structure; price present; market_cap present; dollar_volume present; company_name present; sector present; industry present; volume present
NAC,Nuveen California Quality Municipal Income Fund,9.99,0.0,2230905.0,,22286740.95,Finance,Investment Managers,,100.0,tiny market cap; within 10-bagger price band; enough dollar volume to research; SPAC/fund/unit noise penalty; missing market cap on noise structure; price present; market_cap present; dollar_volume present; company_name present; sector present; industry present; volume present
BEAG,Bold Eagle Acquisition Corp. Class A Ordinary Shares,10.69,0.0,1695203.0,,18121720.07,Finance,Blank Checks,,100.0,tiny market cap; within 10-bagger price band; enough dollar volume to research; SPAC/fund/unit noise penalty; missing market cap on noise structure; price present; market_cap present; dollar_volume present; company_name present; sector present; industry present; volume present
