ticker,cik,company_name,dilution_pressure_score,survival_risk_score,catalyst_signal_score,narrative_trigger_score,filing_activity_score,sec_sic,sec_sic_description,catalyst_signal_label,signal_interpretation
ADIL,0001513525,Adial Pharmaceuticals Inc Common Stock,100,75,35,100,100,2834,Pharmaceutical Preparations,negative_or_financing_related,High metadata-based dilution pressure. Survival risk proxy is elevated. 5 recent 8-K filing(s); catalyst label: negative_or_financing_related. 1 recent financing/prospectus filing(s). Recent filing pattern may deserve headline/narrative review.
AIFF,0000803578,Firefly Neuroscience Inc. Common Stock,88,25,50,25,46,7372,Services-Prepackaged Software,neutral_event_update,High metadata-based dilution pressure. 1 recent 8-K filing(s); catalyst label: neutral_event_update. 5 financing/prospectus filing(s) inside the broader dilution lookback window.
AIM,0000946644,AIM ImmunoTech Inc. Common Stock,82,45,60,80,96,2836,"Biological Products, (No Diagnostic Substances)",event_cluster_needs_review,High metadata-based dilution pressure. 3 recent 8-K filing(s); catalyst label: event_cluster_needs_review. 15 financing/prospectus filing(s) inside the broader dilution lookback window. Recent filing pattern may deserve headline/narrative review.
AISP,0001842566,Airship AI Holdings Inc. Class A Common Stock,76,55,0,0,0,7372,Services-Prepackaged Software,none_detected,High metadata-based dilution pressure. 4 financing/prospectus filing(s) inside the broader dilution lookback window.
ALLR,0001860657,Allarity Therapeutics Inc. Common Stock,80,20,60,55,62,2834,Pharmaceutical Preparations,event_cluster_needs_review,High metadata-based dilution pressure. 3 recent 8-K filing(s); catalyst label: event_cluster_needs_review. 6 financing/prospectus filing(s) inside the broader dilution lookback window. Recent filing pattern may deserve headline/narrative review.
ALZN,0001677077,Alzamend Neuro Inc. Common Stock,100,55,0,20,60,2834,Pharmaceutical Preparations,none_detected,High metadata-based dilution pressure. 1 recent financing/prospectus filing(s). Recent filing pattern may deserve headline/narrative review.
APUS,0001894525,Apimeds Pharmaceuticals US Inc. Common Stock,4,20,60,55,47,2834,Pharmaceutical Preparations,event_cluster_needs_review,3 recent 8-K filing(s); catalyst label: event_cluster_needs_review.
APVO,0001671584,Aptevo Therapeutics Inc. Common Stock,100,75,35,100,100,2834,Pharmaceutical Preparations,negative_or_financing_related,High metadata-based dilution pressure. Survival risk proxy is elevated. 5 recent 8-K filing(s); catalyst label: negative_or_financing_related. 2 recent financing/prospectus filing(s). Recent filing pattern may deserve headline/narrative review.
ARTL,0001621221,Artelo Biosciences Inc. Common Stock,100,25,50,25,24,2834,Pharmaceutical Preparations,neutral_event_update,High metadata-based dilution pressure. 1 recent 8-K filing(s); catalyst label: neutral_event_update. 10 financing/prospectus filing(s) inside the broader dilution lookback window.
ASBP,0001847345,Aspire-Lakewood Holdings Inc. Common Stock,66,25,60,55,32,2834,Pharmaceutical Preparations,event_cluster_needs_review,Moderate dilution pressure. 3 recent 8-K filing(s); catalyst label: event_cluster_needs_review. 3 financing/prospectus filing(s) inside the broader dilution lookback window.
BIAF,0001712762,bioAffinity Technologies Inc. Common Stock,100,90,35,75,90,8731,Services-Commercial Physical & Biological Research,negative_or_financing_related,High metadata-based dilution pressure. Survival risk proxy is elevated. 9 recent 8-K filing(s); catalyst label: negative_or_financing_related. 3 recent financing/prospectus filing(s). Recent filing pattern may deserve headline/narrative review.
CAPS,0000887151,Capstone Holding Corp. Common Stock,66,25,50,25,31,5030,Wholesale-Lumber & Other Construction Materials,neutral_event_update,Moderate dilution pressure. 1 recent 8-K filing(s); catalyst label: neutral_event_update. 3 financing/prospectus filing(s) inside the broader dilution lookback window.
CDT,0001896212,CDT Equity Inc. Common Stock,100,90,35,100,100,2834,Pharmaceutical Preparations,negative_or_financing_related,High metadata-based dilution pressure. Survival risk proxy is elevated. 5 recent 8-K filing(s); catalyst label: negative_or_financing_related. 3 recent financing/prospectus filing(s). Recent filing pattern may deserve headline/narrative review.
CETX,0001435064,Cemtrex Inc. Common Stock,64,10,50,60,80,1700,Construction - Special Trade Contractors,neutral_event_update,Moderate dilution pressure. 1 recent 8-K filing(s); catalyst label: neutral_event_update. 4 financing/prospectus filing(s) inside the broader dilution lookback window. Recent filing pattern may deserve headline/narrative review.
CGTL,0001967822,Creative Global Technology Holdings Limited Class A Ordinary Shares,20,25,0,0,40,5045,Wholesale-Computers & Peripheral Equipment & Software,none_detected,No strong metadata-only SEC signal detected.
CHSN,0001825349,Chanson International Holding Class A Ordinary Shares,72,25,0,0,39,2000,Food and Kindred Products,none_detected,High metadata-based dilution pressure. 2 financing/prospectus filing(s) inside the broader dilution lookback window.
CLDI,0001855485,Calidi Biotherapeutics Inc. Common Stock,99,80,35,80,100,2836,"Biological Products, (No Diagnostic Substances)",negative_or_financing_related,High metadata-based dilution pressure. Survival risk proxy is elevated. 2 recent 8-K filing(s); catalyst label: negative_or_financing_related. 1 recent financing/prospectus filing(s). Recent filing pattern may deserve headline/narrative review.
CRMT,0000799850,America's Car-Mart Inc Common Stock,82,40,60,80,100,5500,Retail-Auto Dealers & Gasoline Stations,event_cluster_needs_review,High metadata-based dilution pressure. 6 recent 8-K filing(s); catalyst label: event_cluster_needs_review. 5 financing/prospectus filing(s) inside the broader dilution lookback window. Recent filing pattern may deserve headline/narrative review.
CSAI,0001709628,Cloudastructure Inc. Class A Common Stock,54,30,50,35,60,7370,"Services-Computer Programming, Data Processing, Etc.",neutral_event_update,Moderate dilution pressure. 2 recent 8-K filing(s); catalyst label: neutral_event_update. 1 financing/prospectus filing(s) inside the broader dilution lookback window. Recent filing pattern may deserve headline/narrative review.
CTNT,0001951667,Cheetah Net Supply Chain Service Inc Class A Common Stock,79,90,35,100,96,5010,Wholesale-Motor Vehicles & Motor Vehicle Parts & Supplies,negative_or_financing_related,High metadata-based dilution pressure. Survival risk proxy is elevated. 3 recent 8-K filing(s); catalyst label: negative_or_financing_related. 1 recent financing/prospectus filing(s). Recent filing pattern may deserve headline/narrative review.
CVKD,0001937993,Cadrenal Therapeutics Inc. Common Stock,100,25,50,25,16,2834,Pharmaceutical Preparations,neutral_event_update,High metadata-based dilution pressure. 1 recent 8-K filing(s); catalyst label: neutral_event_update. 11 financing/prospectus filing(s) inside the broader dilution lookback window.
CXAI,0001820875,CXApp Inc. Class A Common Stock,72,20,50,35,32,7372,Services-Prepackaged Software,neutral_event_update,High metadata-based dilution pressure. 2 recent 8-K filing(s); catalyst label: neutral_event_update. 5 financing/prospectus filing(s) inside the broader dilution lookback window.
DCOY,0001615219,Decoy Therapeutics Inc. Common Stock,90,45,50,25,90,2834,Pharmaceutical Preparations,neutral_event_update,High metadata-based dilution pressure. 2 recent 8-K filing(s); catalyst label: neutral_event_update. 5 financing/prospectus filing(s) inside the broader dilution lookback window. Recent filing pattern may deserve headline/narrative review.
DFLI,0001847986,Dragonfly Energy Holdings Corp. Common Stock (NV),64,10,50,35,47,3690,"Miscellaneous Electrical Machinery, Equipment & Supplies",neutral_event_update,Moderate dilution pressure. 2 recent 8-K filing(s); catalyst label: neutral_event_update. 5 financing/prospectus filing(s) inside the broader dilution lookback window.
DLXY,0002025218,Delixy Holdings Limited Class A Ordinary Shares,20,25,0,0,23,5172,Wholesale-Petroleum & Petroleum Products (No Bulk Stations),none_detected,No strong metadata-only SEC signal detected.
ELPW,0002015691,Elong Power Holding Limited Class A Ordinary Shares,100,70,0,30,60,3690,"Miscellaneous Electrical Machinery, Equipment & Supplies",none_detected,High metadata-based dilution pressure. Survival risk proxy is elevated. 3 recent financing/prospectus filing(s). Recent filing pattern may deserve headline/narrative review.
ELTK,0001024672,Eltek Ltd.,4,25,0,25,80,3672,Printed Circuit Boards,none_detected,Recent filing pattern may deserve headline/narrative review.
EPM,0001006655,Evolution Petroleum Corporation Inc. Common Stock,100,75,35,100,100,1311,Crude Petroleum & Natural Gas,negative_or_financing_related,High metadata-based dilution pressure. Survival risk proxy is elevated. 4 recent 8-K filing(s); catalyst label: negative_or_financing_related. 2 recent financing/prospectus filing(s). Recent filing pattern may deserve headline/narrative review.
FBLG,0001958777,FibroBiologics Inc. Common Stock,100,45,60,80,100,2834,Pharmaceutical Preparations,event_cluster_needs_review,High metadata-based dilution pressure. 3 recent 8-K filing(s); catalyst label: event_cluster_needs_review. 10 financing/prospectus filing(s) inside the broader dilution lookback window. Recent filing pattern may deserve headline/narrative review.
GCTK,0001506983,GlucoTrack Inc. Common Stock,100,75,35,100,100,3841,Surgical & Medical Instruments & Apparatus,negative_or_financing_related,High metadata-based dilution pressure. Survival risk proxy is elevated. 9 recent 8-K filing(s); catalyst label: negative_or_financing_related. 2 recent financing/prospectus filing(s). Recent filing pattern may deserve headline/narrative review.
GMEX,0001928581,GMEX ROBOTICS CORPORATION Class A Ordinary Shares,64,25,0,0,47,3949,"Sporting & Athletic Goods, NEC",none_detected,Moderate dilution pressure. 2 financing/prospectus filing(s) inside the broader dilution lookback window.
GNPX,0001595248,Genprex Inc. Common Stock,100,10,50,25,16,2834,Pharmaceutical Preparations,neutral_event_update,High metadata-based dilution pressure. 1 recent 8-K filing(s); catalyst label: neutral_event_update. 8 financing/prospectus filing(s) inside the broader dilution lookback window.
GRCE,0001444192,Grace Therapeutics Inc. Common Stock,65,80,35,70,100,2834,Pharmaceutical Preparations,negative_or_financing_related,Moderate dilution pressure. Survival risk proxy is elevated. 1 recent 8-K filing(s); catalyst label: negative_or_financing_related. 1 recent financing/prospectus filing(s). Recent filing pattern may deserve headline/narrative review.
GXAI,0001895618,Gaxos.ai Inc. Common Stock,100,90,35,55,90,7372,Services-Prepackaged Software,negative_or_financing_related,High metadata-based dilution pressure. Survival risk proxy is elevated. 1 recent 8-K filing(s); catalyst label: negative_or_financing_related. 4 recent financing/prospectus filing(s). Recent filing pattern may deserve headline/narrative review.
HBIO,0001123494,Harvard Bioscience Inc. Common Stock,68,25,0,0,23,3826,Laboratory Analytical Instruments,none_detected,Moderate dilution pressure. 2 financing/prospectus filing(s) inside the broader dilution lookback window.
HCWB,0001828673,HCW Biologics Inc. Common Stock,100,75,35,75,75,2834,Pharmaceutical Preparations,negative_or_financing_related,High metadata-based dilution pressure. Survival risk proxy is elevated. 5 recent 8-K filing(s); catalyst label: negative_or_financing_related. 2 recent financing/prospectus filing(s). Recent filing pattern may deserve headline/narrative review.
HPAI,0002001699,Helport AI Limited Ordinary Shares,88,55,0,0,0,7372,Services-Prepackaged Software,none_detected,High metadata-based dilution pressure. 2 financing/prospectus filing(s) inside the broader dilution lookback window.
IDAI,0001718939,T Stamp Inc. Class A Common Stock,52,45,0,0,60,7372,Services-Prepackaged Software,none_detected,Moderate dilution pressure. 2 financing/prospectus filing(s) inside the broader dilution lookback window. Recent filing pattern may deserve headline/narrative review.
IMDX,0001642380,Insight Molecular Diagnostics Inc. Common Stock,50,25,50,25,23,2835,In Vitro & In Vivo Diagnostic Substances,neutral_event_update,Moderate dilution pressure. 1 recent 8-K filing(s); catalyst label: neutral_event_update. 1 financing/prospectus filing(s) inside the broader dilution lookback window.
IPST,0001788230,IP Strategy Holdings Inc. Common Stock,100,25,50,25,39,2080,Beverages,neutral_event_update,High metadata-based dilution pressure. 1 recent 8-K filing(s); catalyst label: neutral_event_update. 5 financing/prospectus filing(s) inside the broader dilution lookback window.
IPW,0001830072,iPower Inc. Common Stock,100,90,35,80,100,5200,"Retail-Building Materials, Hardware, Garden Supply",negative_or_financing_related,High metadata-based dilution pressure. Survival risk proxy is elevated. 2 recent 8-K filing(s); catalyst label: negative_or_financing_related. 3 recent financing/prospectus filing(s). Recent filing pattern may deserve headline/narrative review.
ISPC,0001558569,iSpecimen Inc. Common Stock,100,40,60,55,71,8731,Services-Commercial Physical & Biological Research,event_cluster_needs_review,High metadata-based dilution pressure. 4 recent 8-K filing(s); catalyst label: event_cluster_needs_review. 11 financing/prospectus filing(s) inside the broader dilution lookback window. Recent filing pattern may deserve headline/narrative review.
JOB,0000040570,GEE Group Inc.,38,45,50,25,78,7361,Services-Employment Agencies,neutral_event_update,Moderate dilution pressure. 2 recent 8-K filing(s); catalyst label: neutral_event_update. 1 financing/prospectus filing(s) inside the broader dilution lookback window. Recent filing pattern may deserve headline/narrative review.
KAPA,0001962011,Kairos Pharma Ltd. Common Stock,88,25,50,25,31,2834,Pharmaceutical Preparations,neutral_event_update,High metadata-based dilution pressure. 2 recent 8-K filing(s); catalyst label: neutral_event_update. 3 financing/prospectus filing(s) inside the broader dilution lookback window.
KITT,0001849820,Nauticus Robotics Inc. Common stock,100,70,35,100,80,3569,"General Industrial Machinery & Equipment, NEC",negative_or_financing_related,High metadata-based dilution pressure. Survival risk proxy is elevated. 4 recent 8-K filing(s); catalyst label: negative_or_financing_related. 1 recent financing/prospectus filing(s). Recent filing pattern may deserve headline/narrative review.
KUST,0001342958,Kustom Entertainment Inc. Common Stock,82,30,50,50,100,3663,Radio & Tv Broadcasting & Communications Equipment,neutral_event_update,High metadata-based dilution pressure. 1 recent 8-K filing(s); catalyst label: neutral_event_update. 4 financing/prospectus filing(s) inside the broader dilution lookback window. Recent filing pattern may deserve headline/narrative review.
LCTX,0000876343,Lineage Cell Therapeutics Inc.,72,55,0,0,0,2836,"Biological Products, (No Diagnostic Substances)",none_detected,High metadata-based dilution pressure. 3 financing/prospectus filing(s) inside the broader dilution lookback window.
LSF,0001650696,Laird Superfood Inc. Common Stock,0,45,50,25,48,2000,Food and Kindred Products,neutral_event_update,2 recent 8-K filing(s); catalyst label: neutral_event_update.
MDCX,0001997296,Medicus Pharma Ltd. Common Stock  ,100,90,35,100,100,2834,Pharmaceutical Preparations,negative_or_financing_related,High metadata-based dilution pressure. Survival risk proxy is elevated. 3 recent 8-K filing(s); catalyst label: negative_or_financing_related. 2 recent financing/prospectus filing(s). Recent filing pattern may deserve headline/narrative review.
MOBX,0001855467,Mobix Labs Inc. Class A Common Stock,100,75,35,80,100,3674,Semiconductors & Related Devices,negative_or_financing_related,High metadata-based dilution pressure. Survival risk proxy is elevated. 2 recent 8-K filing(s); catalyst label: negative_or_financing_related. 3 recent financing/prospectus filing(s). Recent filing pattern may deserve headline/narrative review.
MSS,0001892292,Maison Solutions Inc. Class A Common Stock,82,45,50,25,90,5411,Retail-Grocery Stores,neutral_event_update,High metadata-based dilution pressure. 1 recent 8-K filing(s); catalyst label: neutral_event_update. 4 financing/prospectus filing(s) inside the broader dilution lookback window. Recent filing pattern may deserve headline/narrative review.
NUWE,0001506492,Nuwellis Inc. Common Stock,100,80,35,55,63,3845,Electromedical & Electrotherapeutic Apparatus,negative_or_financing_related,High metadata-based dilution pressure. Survival risk proxy is elevated. 1 recent 8-K filing(s); catalyst label: negative_or_financing_related. 2 recent financing/prospectus filing(s). Recent filing pattern may deserve headline/narrative review.
NXXT,0001817004,NextNRG Inc. Common Stock,100,90,35,75,90,5500,Retail-Auto Dealers & Gasoline Stations,negative_or_financing_related,High metadata-based dilution pressure. Survival risk proxy is elevated. 3 recent 8-K filing(s); catalyst label: negative_or_financing_related. 2 recent financing/prospectus filing(s). Recent filing pattern may deserve headline/narrative review.
ONCO,0001782107,Onconetix Inc. Common Stock,100,80,35,80,100,2834,Pharmaceutical Preparations,negative_or_financing_related,High metadata-based dilution pressure. Survival risk proxy is elevated. 1 recent 8-K filing(s); catalyst label: negative_or_financing_related. 2 recent financing/prospectus filing(s). Recent filing pattern may deserve headline/narrative review.
PBM,0001985062,Psyence Biomedical Ltd. Common Shares,100,50,0,20,70,2834,Pharmaceutical Preparations,none_detected,High metadata-based dilution pressure. 1 recent financing/prospectus filing(s). Recent filing pattern may deserve headline/narrative review.
PED,0001141197,Pedevco Corp. Common Stock,100,90,35,100,100,1311,Crude Petroleum & Natural Gas,negative_or_financing_related,High metadata-based dilution pressure. Survival risk proxy is elevated. 3 recent 8-K filing(s); catalyst label: negative_or_financing_related. 2 recent financing/prospectus filing(s). Recent filing pattern may deserve headline/narrative review.
POCI,0000867840,Precision Optics Corporation Inc. Common stock,60,25,0,25,80,3845,Electromedical & Electrotherapeutic Apparatus,none_detected,Moderate dilution pressure. 2 financing/prospectus filing(s) inside the broader dilution lookback window. Recent filing pattern may deserve headline/narrative review.
QSI,0001816431,Quantum-Si Incorporated Class A Common Stock,38,45,0,25,96,3829,"Measuring & Controlling Devices, NEC",none_detected,Moderate dilution pressure. 1 financing/prospectus filing(s) inside the broader dilution lookback window. Recent filing pattern may deserve headline/narrative review.
RAIN,0002028293,Rain Enhancement Technologies Holdco Inc. Class A Common Stock,88,30,50,35,71,3590,Misc Industrial & Commercial Machinery & Equipment,neutral_event_update,High metadata-based dilution pressure. 2 recent 8-K filing(s); catalyst label: neutral_event_update. 11 financing/prospectus filing(s) inside the broader dilution lookback window. Recent filing pattern may deserve headline/narrative review.
RGNT,0001912966,Regentis Biomaterials Ltd. Ordinary Shares,82,25,0,0,54,3842,"Orthopedic, Prosthetic & Surgical Appliances & Supplies",none_detected,High metadata-based dilution pressure. 7 financing/prospectus filing(s) inside the broader dilution lookback window.
SBFM,0001402328,Sunshine Biopharma Inc. Common Stock,100,90,35,75,90,2834,Pharmaceutical Preparations,negative_or_financing_related,High metadata-based dilution pressure. Survival risk proxy is elevated. 3 recent 8-K filing(s); catalyst label: negative_or_financing_related. 2 recent financing/prospectus filing(s). Recent filing pattern may deserve headline/narrative review.
SKK,0001991261,SKK Holdings Limited Class A Ordinary Shares,100,50,0,20,47,1623,"Water, Sewer, Pipeline, Comm & Power Line Construction",none_detected,High metadata-based dilution pressure. 1 recent financing/prospectus filing(s).
SKYQ,0001812447,Sky Quarry Inc. Common Stock,100,90,35,100,88,4955,Hazardous Waste Management,negative_or_financing_related,High metadata-based dilution pressure. Survival risk proxy is elevated. 3 recent 8-K filing(s); catalyst label: negative_or_financing_related. 1 recent financing/prospectus filing(s). Recent filing pattern may deserve headline/narrative review.
SMTK,0001817760,SmartKem Inc. Common Stock,100,75,35,100,100,3674,Semiconductors & Related Devices,negative_or_financing_related,High metadata-based dilution pressure. Survival risk proxy is elevated. 5 recent 8-K filing(s); catalyst label: negative_or_financing_related. 2 recent financing/prospectus filing(s). Recent filing pattern may deserve headline/narrative review.
SUNE,0000022701,SUNation Energy Inc. Common Stock,54,25,50,25,40,1700,Construction - Special Trade Contractors,neutral_event_update,Moderate dilution pressure. 2 recent 8-K filing(s); catalyst label: neutral_event_update. 1 financing/prospectus filing(s) inside the broader dilution lookback window.
TPET,0001898766,Trio Petroleum Corp. Common Stock,80,10,50,35,39,1311,Crude Petroleum & Natural Gas,neutral_event_update,High metadata-based dilution pressure. 2 recent 8-K filing(s); catalyst label: neutral_event_update. 12 financing/prospectus filing(s) inside the broader dilution lookback window.
TRUG,0001857086,TruGolf Holdings Inc. Class A Common Stock,62,40,60,55,71,3949,"Sporting & Athletic Goods, NEC",event_cluster_needs_review,Moderate dilution pressure. 6 recent 8-K filing(s); catalyst label: event_cluster_needs_review. 1 financing/prospectus filing(s) inside the broader dilution lookback window. Recent filing pattern may deserve headline/narrative review.
VBIO,0001787740,Valion Bio Inc. Common Stock,100,40,60,80,100,2834,Pharmaceutical Preparations,event_cluster_needs_review,High metadata-based dilution pressure. 4 recent 8-K filing(s); catalyst label: event_cluster_needs_review. 7 financing/prospectus filing(s) inside the broader dilution lookback window. Recent filing pattern may deserve headline/narrative review.
VNRX,0000093314,VolitionRX Limited Common Stock,100,90,35,100,100,2835,In Vitro & In Vivo Diagnostic Substances,negative_or_financing_related,High metadata-based dilution pressure. Survival risk proxy is elevated. 6 recent 8-K filing(s); catalyst label: negative_or_financing_related. 3 recent financing/prospectus filing(s). Recent filing pattern may deserve headline/narrative review.
WLDS,0001887673,Wearable Devices Ltd. Ordinary Share,100,70,0,45,100,3576,Computer Communications Equipment,none_detected,High metadata-based dilution pressure. Survival risk proxy is elevated. 1 recent financing/prospectus filing(s). Recent filing pattern may deserve headline/narrative review.
XAIR,0001641631,Beyond Air Inc. Common Stock,100,90,35,55,63,3841,Surgical & Medical Instruments & Apparatus,negative_or_financing_related,High metadata-based dilution pressure. Survival risk proxy is elevated. 2 recent 8-K filing(s); catalyst label: negative_or_financing_related. 2 recent financing/prospectus filing(s). Recent filing pattern may deserve headline/narrative review.
XXII,0001347858,22nd Century Group Inc. Common Stock,100,65,35,55,60,2111,Cigarettes,negative_or_financing_related,High metadata-based dilution pressure. 1 recent 8-K filing(s); catalyst label: negative_or_financing_related. 1 recent financing/prospectus filing(s). Recent filing pattern may deserve headline/narrative review.
YYAI,0001674440,AiRWA Inc. Common Stock,54,40,50,60,100,7370,"Services-Computer Programming, Data Processing, Etc.",neutral_event_update,Moderate dilution pressure. 2 recent 8-K filing(s); catalyst label: neutral_event_update. 1 financing/prospectus filing(s) inside the broader dilution lookback window. Recent filing pattern may deserve headline/narrative review.
