ticker,cik,company_name,recent_filing_count,recent_high_signal_count,has_recent_10k,has_recent_10q,has_recent_8k,has_recent_s1,has_recent_s3,has_recent_424b,latest_filing_type,latest_filing_date,sec_sic,sec_sic_description,sec_activity_flag
ADIL,0001513525,Adial Pharmaceuticals Inc Common Stock,13,7,False,True,True,False,True,False,4,2026-09-21,2834,Pharmaceutical Preparations,financing_or_registration_activity
AIFF,0000803578,Firefly Neuroscience Inc. Common Stock,2,1,False,False,True,False,False,False,3,2026-09-14,7372,Services-Prepackaged Software,recent_event_activity
AIM,0000946644,AIM ImmunoTech Inc. Common Stock,7,3,False,False,True,False,False,False,4,2026-09-18,2836,"Biological Products, (No Diagnostic Substances)",recent_event_activity
AISP,0001842566,Airship AI Holdings Inc. Class A Common Stock,0,0,False,False,False,False,False,False,8-K,2026-08-06,7372,Services-Prepackaged Software,quiet
ALLR,0001860657,Allarity Therapeutics Inc. Common Stock,4,4,False,True,True,False,False,False,8-K,2026-09-16,2834,Pharmaceutical Preparations,recent_event_activity
ALZN,0001677077,Alzamend Neuro Inc. Common Stock,8,2,False,True,False,True,False,False,10-Q,2026-09-10,2834,Pharmaceutical Preparations,financing_or_registration_activity
APUS,0001894525,Apimeds Pharmaceuticals US Inc. Common Stock,4,4,False,True,True,False,False,False,8-K,2026-09-23,2834,Pharmaceutical Preparations,recent_event_activity
APVO,0001671584,Aptevo Therapeutics Inc. Common Stock,14,8,False,True,True,True,False,True,S-8,2026-09-25,2834,Pharmaceutical Preparations,financing_or_registration_activity
ARTL,0001621221,Artelo Biosciences Inc. Common Stock,3,2,False,False,True,False,False,False,8-K,2026-08-27,2834,Pharmaceutical Preparations,recent_event_activity
ASBP,0001847345,Aspire-Lakewood Holdings Inc. Common Stock,4,3,False,False,True,False,False,False,8-K,2026-09-09,2834,Pharmaceutical Preparations,recent_event_activity
BIAF,0001712762,bioAffinity Technologies Inc. Common Stock,13,12,False,False,True,False,True,True,8-K,2026-09-22,8731,Services-Commercial Physical & Biological Research,financing_or_registration_activity
CAPS,0000887151,Capstone Holding Corp. Common Stock,2,1,False,False,True,False,False,False,PRE 14C,2026-09-14,5030,Wholesale-Lumber & Other Construction Materials,recent_event_activity
CDT,0001896212,CDT Equity Inc. Common Stock,17,10,False,False,True,True,False,True,8-K,2026-09-25,2834,Pharmaceutical Preparations,financing_or_registration_activity
CETX,0001435064,Cemtrex Inc. Common Stock,5,3,False,True,True,False,False,False,8-K,2026-09-18,1700,Construction - Special Trade Contractors,recent_event_activity
CGTL,0001967822,Creative Global Technology Holdings Limited Class A Ordinary Shares,5,0,False,False,False,False,False,False,6-K,2026-09-10,5045,Wholesale-Computers & Peripheral Equipment & Software,recent_other_activity
CHSN,0001825349,Chanson International Holding Class A Ordinary Shares,3,0,False,False,False,False,False,False,6-K,2026-09-18,2000,Food and Kindred Products,recent_other_activity
CLDI,0001855485,Calidi Biotherapeutics Inc. Common Stock,12,3,False,False,True,False,False,True,8-K,2026-09-25,2836,"Biological Products, (No Diagnostic Substances)",financing_or_registration_activity
CRMT,0000799850,America's Car-Mart Inc Common Stock,18,7,False,True,True,False,False,False,4,2026-09-25,5500,Retail-Auto Dealers & Gasoline Stations,recent_event_activity
CSAI,0001709628,Cloudastructure Inc. Class A Common Stock,18,3,False,True,True,False,False,False,4/A,2026-09-02,7370,"Services-Computer Programming, Data Processing, Etc.",recent_event_activity
CTNT,0001951667,Cheetah Net Supply Chain Service Inc Class A Common Stock,7,4,False,False,True,False,False,True,SCHEDULE 13D/A,2026-09-25,5010,Wholesale-Motor Vehicles & Motor Vehicle Parts & Supplies,financing_or_registration_activity
CVKD,0001937993,Cadrenal Therapeutics Inc. Common Stock,2,1,False,False,True,False,False,False,S-8,2026-09-03,2834,Pharmaceutical Preparations,recent_event_activity
CXAI,0001820875,CXApp Inc. Class A Common Stock,4,4,False,True,True,False,False,False,8-K,2026-09-03,7372,Services-Prepackaged Software,recent_event_activity
DCOY,0001615219,Decoy Therapeutics Inc. Common Stock,13,2,False,False,True,False,False,False,8-K,2026-09-23,2834,Pharmaceutical Preparations,recent_event_activity
DFLI,0001847986,Dragonfly Energy Holdings Corp. Common Stock (NV),4,3,False,True,True,False,False,False,8-K,2026-09-25,3690,"Miscellaneous Electrical Machinery, Equipment & Supplies",recent_event_activity
DLXY,0002025218,Delixy Holdings Limited Class A Ordinary Shares,1,0,False,False,False,False,False,False,6-K,2026-09-18,5172,Wholesale-Petroleum & Petroleum Products (No Bulk Stations),recent_other_activity
ELPW,0002015691,Elong Power Holding Limited Class A Ordinary Shares,16,3,False,False,False,False,False,True,424B3,2026-09-10,3690,"Miscellaneous Electrical Machinery, Equipment & Supplies",financing_or_registration_activity
ELTK,0001024672,Eltek Ltd.,5,0,False,False,False,False,False,False,4,2026-09-23,3672,Printed Circuit Boards,recent_other_activity
EPM,0001006655,Evolution Petroleum Corporation Inc. Common Stock,15,7,True,False,True,False,False,True,4,2026-09-21,1311,Crude Petroleum & Natural Gas,financing_or_registration_activity
FBLG,0001958777,FibroBiologics Inc. Common Stock,9,3,False,False,True,False,False,False,8-K,2026-09-18,2834,Pharmaceutical Preparations,recent_event_activity
GCTK,0001506983,GlucoTrack Inc. Common Stock,17,13,False,True,True,True,False,True,424B5,2026-09-24,3841,Surgical & Medical Instruments & Apparatus,financing_or_registration_activity
GMEX,0001928581,GMEX ROBOTICS CORPORATION Class A Ordinary Shares,4,0,False,False,False,False,False,False,6-K,2026-09-23,3949,"Sporting & Athletic Goods, NEC",recent_other_activity
GNPX,0001595248,Genprex Inc. Common Stock,2,2,False,True,True,False,False,False,8-K,2026-08-18,2834,Pharmaceutical Preparations,recent_event_activity
GRCE,0001444192,Grace Therapeutics Inc. Common Stock,17,2,False,False,True,False,True,False,4,2026-09-23,2834,Pharmaceutical Preparations,financing_or_registration_activity
GXAI,0001895618,Gaxos.ai Inc. Common Stock,8,5,False,False,True,False,True,True,424B3,2026-09-22,7372,Services-Prepackaged Software,financing_or_registration_activity
HBIO,0001123494,Harvard Bioscience Inc. Common Stock,1,0,False,False,False,False,False,False,SCHEDULE 13G/A,2026-09-22,3826,Laboratory Analytical Instruments,recent_other_activity
HCWB,0001828673,HCW Biologics Inc. Common Stock,12,9,False,True,True,True,False,False,8-K,2026-09-24,2834,Pharmaceutical Preparations,financing_or_registration_activity
HPAI,0002001699,Helport AI Limited Ordinary Shares,0,0,False,False,False,False,False,False,6-K,2026-07-10,7372,Services-Prepackaged Software,quiet
IDAI,0001718939,T Stamp Inc. Class A Common Stock,8,0,False,False,False,False,False,False,4,2026-09-02,7372,Services-Prepackaged Software,recent_other_activity
IMDX,0001642380,Insight Molecular Diagnostics Inc. Common Stock,1,1,False,False,True,False,False,False,8-K,2026-09-21,2835,In Vitro & In Vivo Diagnostic Substances,recent_event_activity
IPST,0001788230,IP Strategy Holdings Inc. Common Stock,3,1,False,False,True,False,False,False,SCHEDULE 13G,2026-09-24,2080,Beverages,recent_event_activity
IPW,0001830072,iPower Inc. Common Stock,8,5,False,False,True,False,False,True,8-K,2026-09-22,5200,"Retail-Building Materials, Hardware, Garden Supply",financing_or_registration_activity
ISPC,0001558569,iSpecimen Inc. Common Stock,7,5,False,True,True,False,False,False,DEF 14A,2026-09-14,8731,Services-Commercial Physical & Biological Research,recent_event_activity
JOB,0000040570,GEE Group Inc.,6,2,False,False,True,False,False,False,8-K,2026-09-16,7361,Services-Employment Agencies,recent_event_activity
KAPA,0001962011,Kairos Pharma Ltd. Common Stock,2,2,False,False,True,False,False,False,8-K,2026-09-14,2834,Pharmaceutical Preparations,recent_event_activity
KITT,0001849820,Nauticus Robotics Inc. Common stock,5,5,False,False,True,False,False,True,8-K,2026-09-25,3569,"General Industrial Machinery & Equipment, NEC",financing_or_registration_activity
KUST,0001342958,Kustom Entertainment Inc. Common Stock,11,2,False,True,True,False,False,False,DEFR14A,2026-09-23,3663,Radio & Tv Broadcasting & Communications Equipment,recent_event_activity
LCTX,0000876343,Lineage Cell Therapeutics Inc.,0,0,False,False,False,False,False,False,10-Q,2026-08-06,2836,"Biological Products, (No Diagnostic Substances)",quiet
LSF,0001650696,Laird Superfood Inc. Common Stock,6,2,False,False,True,False,False,False,8-K,2026-09-08,2000,Food and Kindred Products,recent_event_activity
MDCX,0001997296,Medicus Pharma Ltd. Common Stock  ,11,5,False,False,True,False,False,True,SCHEDULE 13D,2026-09-14,2834,Pharmaceutical Preparations,financing_or_registration_activity
MOBX,0001855467,Mobix Labs Inc. Class A Common Stock,20,6,False,True,True,True,False,True,4,2026-09-22,3674,Semiconductors & Related Devices,financing_or_registration_activity
MSS,0001892292,Maison Solutions Inc. Class A Common Stock,8,1,False,False,True,False,False,False,SCHEDULE 13G,2026-09-18,5411,Retail-Grocery Stores,recent_event_activity
NUWE,0001506492,Nuwellis Inc. Common Stock,6,3,False,False,True,False,True,True,SCHEDULE 13G/A,2026-09-18,3845,Electromedical & Electrotherapeutic Apparatus,financing_or_registration_activity
NXXT,0001817004,NextNRG Inc. Common Stock,8,5,False,False,True,True,False,True,8-K,2026-09-18,5500,Retail-Auto Dealers & Gasoline Stations,financing_or_registration_activity
ONCO,0001782107,Onconetix Inc. Common Stock,8,3,False,False,True,False,False,True,PRE 14A,2026-09-17,2834,Pharmaceutical Preparations,financing_or_registration_activity
PBM,0001985062,Psyence Biomedical Ltd. Common Shares,5,1,False,False,False,False,False,False,6-K,2026-09-23,2834,Pharmaceutical Preparations,recent_other_activity
PED,0001141197,Pedevco Corp. Common Stock,13,6,False,False,True,False,True,True,8-K,2026-09-21,1311,Crude Petroleum & Natural Gas,financing_or_registration_activity
POCI,0000867840,Precision Optics Corporation Inc. Common stock,5,0,False,False,False,False,False,False,4,2026-09-24,3845,Electromedical & Electrotherapeutic Apparatus,recent_other_activity
QSI,0001816431,Quantum-Si Incorporated Class A Common Stock,7,0,False,False,False,False,False,False,4,2026-09-23,3829,"Measuring & Controlling Devices, NEC",recent_other_activity
RAIN,0002028293,Rain Enhancement Technologies Holdco Inc. Class A Common Stock,7,3,False,True,True,False,False,False,8-K,2026-09-23,3590,Misc Industrial & Commercial Machinery & Equipment,recent_event_activity
RGNT,0001912966,Regentis Biomaterials Ltd. Ordinary Shares,3,0,False,False,False,False,False,False,EFFECT,2026-09-22,3842,"Orthopedic, Prosthetic & Surgical Appliances & Supplies",recent_other_activity
SBFM,0001402328,Sunshine Biopharma Inc. Common Stock,8,5,False,False,True,True,False,True,PRE 14C,2026-09-16,2834,Pharmaceutical Preparations,financing_or_registration_activity
SKK,0001991261,SKK Holdings Limited Class A Ordinary Shares,4,1,False,False,False,False,False,True,6-K,2026-09-25,1623,"Water, Sewer, Pipeline, Comm & Power Line Construction",financing_or_registration_activity
SKYQ,0001812447,Sky Quarry Inc. Common Stock,6,4,False,False,True,False,False,True,8-K,2026-09-24,4955,Hazardous Waste Management,financing_or_registration_activity
SMTK,0001817760,SmartKem Inc. Common Stock,8,8,False,True,True,True,True,False,8-K,2026-09-21,3674,Semiconductors & Related Devices,financing_or_registration_activity
SUNE,0000022701,SUNation Energy Inc. Common Stock,5,2,False,False,True,False,False,False,425,2026-09-08,1700,Construction - Special Trade Contractors,recent_event_activity
TPET,0001898766,Trio Petroleum Corp. Common Stock,3,3,False,True,True,False,False,False,8-K,2026-09-21,1311,Crude Petroleum & Natural Gas,recent_event_activity
TRUG,0001857086,TruGolf Holdings Inc. Class A Common Stock,7,7,False,True,True,False,False,False,8-K,2026-09-24,3949,"Sporting & Athletic Goods, NEC",recent_event_activity
VBIO,0001787740,Valion Bio Inc. Common Stock,18,6,False,True,True,False,False,False,4,2026-09-24,2834,Pharmaceutical Preparations,recent_event_activity
VNRX,0000093314,VolitionRX Limited Common Stock,14,9,False,False,True,False,True,False,8-K,2026-09-25,2835,In Vitro & In Vivo Diagnostic Substances,financing_or_registration_activity
WLDS,0001887673,Wearable Devices Ltd. Ordinary Share,20,1,False,False,False,False,False,False,6-K,2026-09-23,3576,Computer Communications Equipment,recent_other_activity
XAIR,0001641631,Beyond Air Inc. Common Stock,6,4,False,False,True,False,True,True,8-K,2026-09-24,3841,Surgical & Medical Instruments & Apparatus,financing_or_registration_activity
XXII,0001347858,22nd Century Group Inc. Common Stock,8,3,False,True,True,False,False,True,8-K,2026-09-01,2111,Cigarettes,financing_or_registration_activity
YYAI,0001674440,AiRWA Inc. Common Stock,9,4,True,True,True,False,False,False,10-Q,2026-09-22,7370,"Services-Computer Programming, Data Processing, Etc.",recent_event_activity
