timestamp_utc,stage,provider,status,rows,fallback_used,detail
2026-10-07T19:05:17+00:00,startup,pipeline,started,,False,Full refresh started.
2026-10-07T19:05:23+00:00,universe,seed_nasdaq_sec_quote_sources,ok,3624,True,Universe rows=3624; missing price rows=60.
2026-10-07T19:05:23+00:00,universe,multi_source_universe,ok,3624,False,
2026-10-07T19:05:24+00:00,research_batch,prescreen,ok,250,False,
2026-10-07T19:06:07+00:00,prices,history_provider_mix,ok,250,False,"no_history=2, yahoo_chart=248"
2026-10-07T19:06:07+00:00,prices,history_providers,ok,228,False,228/250 tickers with usable history.
2026-10-07T19:06:38+00:00,sec,sec_submissions,ok,249,False,18769 filing metadata rows; 249 ticker flags.
2026-10-07T19:06:38+00:00,sec,sec_submissions,ok,249,False,
2026-10-07T19:09:11+00:00,event_shocks,sec_8k_text_with_metadata_fallback,ok,249,True,"8k_text=169, metadata_none=20, metadata_only=60"
2026-10-07T19:09:11+00:00,event_shocks,sec_8k_text_or_metadata,ok,249,False,
2026-10-07T19:10:23+00:00,fundamentals,sec_companyfacts,ok,249,True,"companyfacts_ok=220, companyfacts_sparse=27, companyfacts_unavailable=2"
2026-10-07T19:10:23+00:00,fundamentals,sec_companyfacts,ok,249,False,
2026-10-07T19:10:23+00:00,scoring,local_model,ok,250,False,
